algoritmo,metrica,entorno,resolucion_deg,par_id,inicio_q,meta_q,exito,tiempo_planificacion_s,longitud_geometrica_rad,duracion_trayectoria_s,jerk_acumulado,manipulabilidad_min,manipulabilidad_mean
astar,L1,E0,15.0,1,"[23, 8, 7]","[7, 4, 23]",1,0.00165,5.236,8.0,22831.56,0.0,0.00189
astar,L1,E0,15.0,2,"[10, 8, 4]","[6, 10, 3]",1,0.00056,1.8326,2.8,5372.84,0.00283,0.00343
astar,L1,E0,15.0,3,"[2, 7, 3]","[20, 11, 5]",1,0.00189,3.1416,4.8,10002.67,0.0021,0.00318
astar,L1,E0,15.0,4,"[11, 11, 6]","[4, 8, 4]",1,0.00121,3.1416,4.8,11346.57,0.00336,0.00404
astar,L1,E0,15.0,5,"[12, 11, 7]","[20, 10, 3]",1,0.00117,3.4034,5.2,10592.62,0.00256,0.00362
astar,L1,E0,15.0,6,"[4, 11, 5]","[9, 7, 1]",1,0.00243,3.4034,5.2,15352.7,0.00051,0.00224
astar,L1,E0,15.0,7,"[7, 7, 2]","[15, 13, 6]",1,0.00378,4.7124,7.2,9080.83,0.00133,0.00298
astar,L1,E0,15.0,8,"[3, 7, 6]","[8, 14, 7]",1,0.00137,3.4034,5.2,9068.51,0.00034,0.00183
astar,L1,E0,15.0,9,"[9, 6, 1]","[10, 8, 6]",1,0.00113,2.0944,3.2,8671.4,0.00018,0.00241
astar,L1,E0,15.0,10,"[16, 8, 4]","[11, 9, 5]",1,0.00045,1.8326,2.8,6599.34,0.00352,0.00365
astar,L1,E0,15.0,11,"[22, 10, 6]","[13, 8, 1]",1,0.00112,4.1888,6.4,8783.55,0.00086,0.00351
astar,L1,E0,15.0,12,"[0, 10, 4]","[20, 8, 5]",1,0.00054,1.8326,2.8,5831.13,0.00351,0.00369
astar,L1,E0,15.0,13,"[0, 5, 23]","[11, 9, 7]",1,0.00428,6.0214,9.2,24387.81,0.0,0.00242
astar,L1,E0,15.0,14,"[9, 7, 6]","[15, 12, 7]",1,0.00156,3.1416,4.8,9453.3,0.00191,0.00312
astar,L1,E0,15.0,15,"[17, 7, 3]","[14, 8, 7]",1,0.00077,2.0944,3.2,6014.32,0.00211,0.00273
astar,L1,E0,15.0,16,"[22, 9, 7]","[12, 10, 6]",1,0.00061,3.1416,4.8,6599.34,0.00312,0.00328
astar,L1,E0,15.0,17,"[1, 11, 7]","[4, 7, 4]",1,0.00181,2.618,4.0,6951.47,0.00256,0.00329
astar,L1,E0,15.0,18,"[5, 9, 3]","[20, 7, 3]",1,0.00068,2.8798,4.4,12126.58,0.00211,0.00246
astar,L1,E0,15.0,19,"[8, 10, 7]","[9, 8, 7]",1,0.00018,0.7854,1.2,4809.78,0.00298,0.00316
astar,L1,E0,15.0,20,"[6, 6, 23]","[14, 10, 5]",1,0.0018,4.7124,7.2,12604.02,0.0,0.00302
astar,L1,E0,15.0,21,"[5, 7, 5]","[4, 8, 4]",1,0.00019,0.7854,1.2,7647.59,0.00291,0.00324
astar,L1,E0,15.0,22,"[4, 12, 6]","[14, 10, 6]",1,0.00142,3.1416,4.8,3759.07,0.00274,0.00367
astar,L1,E0,15.0,23,"[12, 8, 6]","[1, 10, 7]",1,0.0015,3.6652,5.6,9826.87,0.00298,0.00376
astar,L1,E0,15.0,24,"[0, 8, 4]","[13, 14, 7]",1,0.0021,5.236,8.0,9452.78,0.00042,0.00323
astar,L1,E0,15.0,25,"[14, 10, 5]","[13, 8, 6]",1,0.00026,1.0472,1.6,6975.9,0.00375,0.00405
astar,L1,E0,15.0,26,"[9, 10, 3]","[0, 10, 5]",1,0.00065,2.8798,4.4,3759.07,0.00355,0.00414
astar,L1,E0,15.0,27,"[23, 10, 7]","[11, 9, 2]",1,0.00135,4.7124,7.2,9368.58,0.0023,0.00321
astar,L1,E0,15.0,28,"[20, 5, 1]","[2, 9, 3]",1,0.00244,3.1416,4.8,7247.13,1e-05,0.00136
astar,L1,E0,15.0,29,"[19, 5, 23]","[11, 7, 0]",1,0.00144,2.8798,4.4,5372.84,0.0,0.00042
astar,L1,E0,15.0,30,"[20, 10, 4]","[0, 8, 6]",1,0.00263,2.0944,3.2,4602.16,0.00352,0.00371
astar,L1,E0,15.0,31,"[3, 9, 7]","[2, 11, 7]",1,0.00035,0.7854,1.2,4809.78,0.00256,0.00302
astar,L1,E0,15.0,32,"[1, 9, 6]","[1, 6, 1]",1,0.00093,2.0944,3.2,8210.64,0.00018,0.00246
astar,L1,E0,15.0,33,"[9, 10, 3]","[20, 8, 7]",1,0.00339,4.4506,6.8,10890.74,0.00313,0.00348
astar,L1,E0,15.0,34,"[2, 8, 6]","[8, 14, 7]",1,0.00186,3.4034,5.2,9246.78,0.00034,0.00171
astar,L1,E0,15.0,35,"[13, 7, 5]","[16, 14, 7]",1,0.00363,3.1416,4.8,4785.35,0.00035,0.00206
astar,L1,E0,15.0,36,"[3, 6, 0]","[17, 9, 7]",1,0.00286,5.236,8.0,15690.03,0.0,0.00246
astar,L1,E0,15.0,37,"[8, 9, 3]","[7, 7, 1]",1,0.0005,1.309,2.0,8589.66,0.00054,0.00196
astar,L1,E0,15.0,38,"[20, 7, 1]","[14, 8, 6]",1,0.00173,3.1416,4.8,8929.47,0.00054,0.00219
astar,L1,E0,15.0,39,"[3, 10, 5]","[10, 7, 0]",1,0.00302,3.927,6.0,7035.67,0.0,0.00139
astar,L1,E0,15.0,40,"[8, 12, 7]","[7, 7, 4]",1,0.00055,2.3562,3.6,6014.32,0.0019,0.00289
astar,L1,E0,15.0,41,"[23, 7, 0]","[7, 9, 4]",1,0.00312,3.6652,5.6,14892.25,0.0,0.00248
astar,L1,E0,15.0,42,"[9, 12, 5]","[6, 12, 7]",1,0.00028,1.309,2.0,3764.0,0.00197,0.00309
astar,L1,E0,15.0,43,"[13, 9, 4]","[6, 10, 7]",1,0.001,2.8798,4.4,6011.86,0.00298,0.00387
astar,L1,E0,15.0,44,"[5, 4, 23]","[3, 13, 7]",1,0.00124,4.9742,7.6,25532.58,0.0,0.00186
astar,L1,E0,15.0,45,"[20, 4, 23]","[20, 9, 7]",1,0.00121,3.4034,5.2,20118.9,0.0,0.00192
astar,L1,E0,15.0,46,"[21, 11, 5]","[3, 8, 7]",1,0.00117,2.8798,4.4,9703.13,0.00313,0.00391
astar,L1,E0,15.0,47,"[21, 5, 23]","[4, 10, 3]",1,0.00227,4.1888,6.4,8087.75,0.0,0.00131
astar,L1,E0,15.0,48,"[7, 9, 3]","[15, 9, 4]",1,0.00096,2.3562,3.6,4988.05,0.00323,0.00335
astar,L1,E0,15.0,49,"[6, 6, 1]","[17, 12, 6]",1,0.00335,5.7596,8.8,15342.84,0.00018,0.00282
astar,L1,E0,15.0,50,"[0, 13, 6]","[22, 10, 3]",1,0.00104,2.0944,3.2,4787.81,0.00194,0.0035
astar,L1,E0,15.0,51,"[11, 9, 4]","[21, 9, 6]",1,0.00159,3.1416,4.8,3759.07,0.00383,0.00391
astar,L1,E0,15.0,52,"[8, 6, 1]","[2, 9, 2]",1,0.00067,2.618,4.0,8393.83,0.00015,0.00087
astar,L1,E0,15.0,53,"[23, 7, 1]","[5, 11, 4]",1,0.00271,3.4034,5.2,11400.57,0.00054,0.00321
astar,L1,E0,15.0,54,"[5, 8, 3]","[0, 7, 1]",1,0.00094,2.0944,3.2,11266.77,0.00054,0.00222
astar,L1,E0,15.0,55,"[4, 5, 1]","[20, 13, 7]",1,0.00168,5.7596,8.8,22151.95,0.0,0.00226
astar,L1,E0,15.0,56,"[14, 8, 7]","[14, 8, 3]",1,0.00032,1.0472,1.6,2915.99,0.00284,0.00356
astar,L1,E0,15.0,57,"[17, 7, 3]","[8, 5, 0]",1,0.00133,3.6652,5.6,13230.2,0.0,0.00071
astar,L1,E0,15.0,58,"[0, 8, 1]","[18, 7, 5]",1,0.00072,2.8798,4.4,8083.92,0.00053,0.00241
astar,L1,E0,15.0,59,"[19, 7, 0]","[4, 5, 23]",1,0.00111,3.1416,4.8,6991.53,0.0,0.00016
astar,L1,E0,15.0,60,"[20, 10, 5]","[19, 11, 7]",1,0.00038,1.0472,1.6,6975.9,0.00256,0.00358
astar,L1,E0,15.0,61,"[22, 9, 4]","[0, 8, 6]",1,0.00069,1.309,2.0,5746.93,0.00351,0.00369
astar,L1,E0,15.0,62,"[11, 8, 3]","[21, 7, 5]",1,0.00177,3.4034,5.2,7449.82,0.00207,0.00311
astar,L1,E0,15.0,63,"[13, 5, 1]","[3, 10, 6]",1,0.00114,5.236,8.0,11336.93,0.0,0.00127
astar,L1,E0,15.0,64,"[9, 9, 7]","[12, 11, 5]",1,0.00201,1.8326,2.8,4701.15,0.0032,0.00392
astar,L1,E0,15.0,65,"[21, 13, 6]","[22, 7, 1]",1,0.00132,3.1416,4.8,7841.48,0.00054,0.00293
astar,L1,E0,15.0,66,"[3, 7, 4]","[1, 7, 1]",1,0.00042,1.309,2.0,9261.35,0.00054,0.0019
astar,L1,E0,15.0,67,"[14, 8, 6]","[20, 9, 6]",1,0.00164,1.8326,2.8,4988.05,0.00375,0.00387
astar,L1,E0,15.0,68,"[7, 11, 7]","[17, 6, 23]",1,0.00204,6.0214,9.2,14606.66,0.0,0.0018
astar,L1,E0,15.0,69,"[16, 6, 0]","[23, 7, 7]",1,0.00333,3.927,6.0,7603.65,0.0,0.00221
astar,L1,E0,15.0,70,"[15, 11, 6]","[4, 6, 23]",1,0.00204,6.0214,9.2,22568.04,0.0,0.00315
astar,L1,E0,15.0,71,"[3, 9, 3]","[15, 10, 7]",1,0.002,4.4506,6.8,9373.5,0.00295,0.00324
astar,L1,E0,15.0,72,"[15, 10, 7]","[10, 8, 1]",1,0.00088,3.4034,5.2,4874.48,0.00086,0.00301
astar,L1,E0,15.0,73,"[3, 12, 6]","[21, 8, 4]",1,0.00147,3.1416,4.8,8690.02,0.00268,0.00348
astar,L1,E0,15.0,74,"[23, 8, 6]","[19, 14, 7]",1,0.00084,2.8798,4.4,5551.1,0.00042,0.00294
astar,L1,E0,15.0,75,"[19, 7, 1]","[2, 9, 6]",1,0.00267,3.6652,5.6,8466.24,0.00054,0.00221
astar,L1,E0,15.0,76,"[19, 8, 6]","[2, 8, 3]",1,0.00103,2.618,4.0,3942.26,0.00277,0.00307
astar,L1,E0,15.0,77,"[8, 11, 4]","[11, 12, 7]",1,0.00104,1.8326,2.8,5560.96,0.00191,0.00268
astar,L1,E0,15.0,78,"[21, 4, 23]","[11, 7, 1]",1,0.00089,3.927,6.0,14499.23,0.0,0.00063
astar,L1,E0,15.0,79,"[20, 10, 3]","[8, 12, 7]",1,0.00109,4.7124,7.2,10770.88,0.00196,0.00352
astar,L1,E0,15.0,80,"[20, 8, 6]","[5, 8, 5]",1,0.00094,2.618,4.0,4988.05,0.00371,0.00376
astar,L1,E0,15.0,81,"[16, 13, 7]","[8, 6, 0]",1,0.0014,5.7596,8.8,19135.36,0.0,0.00243
astar,L1,E0,15.0,82,"[0, 8, 5]","[9, 10, 3]",1,0.00448,3.4034,5.2,11809.8,0.00274,0.00345
astar,L1,E0,15.0,83,"[3, 8, 2]","[22, 8, 7]",1,0.00142,2.618,4.0,3937.34,0.00178,0.00259
astar,L1,E0,15.0,84,"[7, 8, 6]","[19, 11, 4]",1,0.0099,4.4506,6.8,21414.51,0.00368,0.00398
astar,L1,E0,15.0,85,"[21, 7, 3]","[23, 8, 7]",1,0.00146,1.8326,2.8,5372.84,0.00218,0.00309
astar,L1,E0,15.0,86,"[6, 4, 23]","[5, 5, 0]",1,0.00028,0.7854,1.2,7647.59,0.0,0.0006
astar,L1,E0,15.0,87,"[19, 7, 0]","[17, 11, 6]",1,0.00128,3.1416,4.8,4780.42,0.0,0.00222
astar,L1,E0,15.0,88,"[12, 7, 5]","[12, 12, 7]",1,0.00077,1.8326,2.8,3759.07,0.00196,0.003
astar,L1,E0,15.0,89,"[13, 6, 2]","[9, 8, 4]",1,0.0011,2.0944,3.2,7447.36,0.00063,0.0014
astar,L1,E0,15.0,90,"[0, 7, 2]","[3, 12, 7]",1,0.00184,3.4034,5.2,18389.11,0.00133,0.00315
astar,L1,E0,15.0,91,"[2, 7, 5]","[4, 5, 1]",1,0.00051,2.0944,3.2,11636.46,1e-05,0.00158
astar,L1,E0,15.0,92,"[2, 9, 2]","[17, 12, 6]",1,0.00377,4.1888,6.4,4963.61,0.00219,0.00285
astar,L1,E0,15.0,93,"[9, 7, 6]","[14, 11, 4]",1,0.00182,2.8798,4.4,12077.72,0.00328,0.00385
astar,L1,E0,15.0,94,"[18, 7, 7]","[8, 9, 2]",1,0.00103,4.4506,6.8,4780.42,0.00132,0.00279
astar,L1,E0,15.0,95,"[12, 8, 2]","[7, 7, 2]",1,0.00048,1.5708,2.4,4988.05,0.00133,0.00183
astar,L1,E0,15.0,96,"[11, 4, 23]","[0, 10, 6]",1,0.0013,6.2832,9.6,12950.69,0.0,0.00135
astar,L1,E0,15.0,97,"[8, 5, 1]","[19, 8, 1]",1,0.0014,3.6652,5.6,6867.26,0.0,0.00037
astar,L1,E0,15.0,98,"[23, 5, 0]","[8, 7, 4]",1,0.00169,3.927,6.0,15620.09,0.0,0.00157
astar,L1,E0,15.0,99,"[7, 13, 7]","[5, 10, 4]",1,0.00041,2.0944,3.2,4787.81,0.00117,0.00256
astar,L1,E0,15.0,100,"[23, 8, 4]","[19, 7, 7]",1,0.0005,2.0944,3.2,5556.03,0.00291,0.0034
astar,L2,E0,15.0,1,"[23, 8, 7]","[7, 4, 23]",1,0.00523,3.2948,3.2,16713.96,0.0,0.00174
astar,L2,E0,15.0,2,"[10, 8, 4]","[6, 10, 3]",1,0.00247,1.3473,1.6,9973.21,0.00325,0.00344
astar,L2,E0,15.0,3,"[2, 7, 3]","[20, 11, 5]",1,0.009,2.171,2.4,12445.58,0.00218,0.00359
astar,L2,E0,15.0,4,"[11, 11, 6]","[4, 8, 4]",1,0.01038,2.3243,2.8,9190.31,0.00325,0.00376
astar,L2,E0,15.0,5,"[12, 11, 7]","[20, 10, 3]",1,0.01397,2.6114,3.2,10003.09,0.00248,0.00346
astar,L2,E0,15.0,6,"[4, 11, 5]","[9, 7, 1]",1,0.00369,2.0756,2.0,14522.56,0.00054,0.00269
astar,L2,E0,15.0,7,"[7, 7, 2]","[15, 13, 6]",1,0.01374,3.0779,3.2,14891.37,0.00133,0.00346
astar,L2,E0,15.0,8,"[3, 7, 6]","[8, 14, 7]",1,0.00682,2.458,2.8,13117.27,0.00042,0.00305
astar,L2,E0,15.0,9,"[9, 6, 1]","[10, 8, 6]",1,0.00298,1.6091,2.0,10516.55,0.00018,0.0022
astar,L2,E0,15.0,10,"[16, 8, 4]","[11, 9, 5]",1,0.00266,1.5006,2.0,9038.95,0.00346,0.00363
astar,L2,E0,15.0,11,"[22, 10, 6]","[13, 8, 1]",1,0.01722,3.0648,3.6,6314.91,0.00077,0.00313
astar,L2,E0,15.0,12,"[0, 10, 4]","[20, 8, 5]",1,0.00299,1.3473,1.6,12006.36,0.00389,0.00399
astar,L2,E0,15.0,13,"[0, 5, 23]","[11, 9, 7]",1,0.02347,4.0802,4.4,22910.1,0.0,0.00229
astar,L2,E0,15.0,14,"[9, 7, 6]","[15, 12, 7]",1,0.00446,2.1962,2.4,7904.03,0.00197,0.00347
astar,L2,E0,15.0,15,"[17, 7, 3]","[14, 8, 7]",1,0.00161,1.4557,1.6,6416.68,0.00218,0.0033
astar,L2,E0,15.0,16,"[22, 9, 7]","[12, 10, 6]",1,0.00572,2.8096,4.0,9038.95,0.00313,0.00323
astar,L2,E0,15.0,17,"[1, 11, 7]","[4, 7, 4]",1,0.00188,1.6221,1.6,14146.32,0.00256,0.00356
astar,L2,E0,15.0,18,"[5, 9, 3]","[20, 7, 3]",1,0.00433,2.5731,3.6,6862.23,0.00211,0.00302
astar,L2,E0,15.0,19,"[8, 10, 7]","[9, 8, 7]",1,0.00045,0.632,0.8,5554.2,0.00298,0.00315
astar,L2,E0,15.0,20,"[6, 6, 23]","[14, 10, 5]",1,0.01229,3.0779,3.2,15931.91,0.0,0.00217
astar,L2,E0,15.0,21,"[5, 7, 5]","[4, 8, 4]",1,0.00025,0.4534,0.4,14277.07,0.00334,0.00347
astar,L2,E0,15.0,22,"[4, 12, 6]","[14, 10, 6]",1,0.00452,2.8349,4.0,3853.13,0.00268,0.00305
astar,L2,E0,15.0,23,"[12, 8, 6]","[1, 10, 7]",1,0.01091,3.1799,4.4,9207.46,0.00298,0.00352
astar,L2,E0,15.0,24,"[0, 8, 4]","[13, 14, 7]",1,0.03007,3.7801,4.4,18553.86,0.00042,0.00317
astar,L2,E0,15.0,25,"[14, 10, 5]","[13, 8, 6]",1,0.00055,0.7152,0.8,8568.65,0.00375,0.00408
astar,L2,E0,15.0,26,"[9, 10, 3]","[0, 10, 5]",1,0.00491,2.5731,3.6,7499.63,0.00348,0.00378
astar,L2,E0,15.0,27,"[23, 10, 7]","[11, 9, 2]",1,0.047,3.767,4.8,11673.64,0.0023,0.00334
astar,L2,E0,15.0,28,"[20, 5, 1]","[2, 9, 3]",1,0.00609,2.171,2.4,17036.09,3e-05,0.00145
astar,L2,E0,15.0,29,"[19, 5, 23]","[11, 7, 0]",1,0.00507,2.3945,3.2,9115.86,0.0,0.0001
astar,L2,E0,15.0,30,"[20, 10, 4]","[0, 8, 6]",1,0.00263,1.4305,1.6,14973.78,0.00375,0.00412
astar,L2,E0,15.0,31,"[3, 9, 7]","[2, 11, 7]",1,0.00042,0.632,0.8,5554.2,0.00256,0.00294
astar,L2,E0,15.0,32,"[1, 9, 6]","[1, 6, 1]",1,0.00177,1.6343,2.0,6947.28,0.00018,0.00236
astar,L2,E0,15.0,33,"[9, 10, 3]","[20, 8, 7]",1,0.02354,3.48,4.4,16435.12,0.0032,0.00389
astar,L2,E0,15.0,34,"[2, 8, 6]","[8, 14, 7]",1,0.00277,2.3047,2.4,8893.45,0.00042,0.00297
astar,L2,E0,15.0,35,"[13, 7, 5]","[16, 14, 7]",1,0.00847,2.3243,2.8,14415.76,0.00042,0.00317
astar,L2,E0,15.0,36,"[3, 6, 0]","[17, 9, 7]",1,0.02583,3.6267,4.0,16253.2,0.0,0.00246
astar,L2,E0,15.0,37,"[8, 9, 3]","[7, 7, 1]",1,0.00053,0.8237,0.8,8093.95,0.00054,0.00193
astar,L2,E0,15.0,38,"[20, 7, 1]","[14, 8, 6]",1,0.00325,2.1962,2.4,10328.95,0.00054,0.00246
astar,L2,E0,15.0,39,"[3, 10, 5]","[10, 7, 0]",1,0.00916,2.6244,2.8,13608.44,0.0,0.00224
astar,L2,E0,15.0,40,"[8, 12, 7]","[7, 7, 4]",1,0.00331,1.7175,2.0,8516.48,0.00196,0.00354
astar,L2,E0,15.0,41,"[23, 7, 0]","[7, 9, 4]",1,0.01139,2.6946,3.2,13881.08,0.0,0.0015
astar,L2,E0,15.0,42,"[9, 12, 5]","[6, 12, 7]",1,0.00069,1.0023,1.2,10002.67,0.00196,0.00272
astar,L2,E0,15.0,43,"[13, 9, 4]","[6, 10, 7]",1,0.00717,2.2411,2.8,11542.4,0.00298,0.00393
astar,L2,E0,15.0,44,"[5, 4, 23]","[3, 13, 7]",1,0.01193,3.3901,3.6,12705.16,0.0,0.00219
astar,L2,E0,15.0,45,"[20, 4, 23]","[20, 9, 7]",1,0.00498,2.6366,3.2,8471.91,0.0,0.00205
astar,L2,E0,15.0,46,"[21, 11, 5]","[3, 8, 7]",1,0.00847,2.0625,2.4,4834.84,0.00315,0.00358
astar,L2,E0,15.0,47,"[21, 5, 23]","[4, 10, 3]",1,0.00708,2.7076,2.8,17063.51,0.0,0.00136
astar,L2,E0,15.0,48,"[7, 9, 3]","[15, 9, 4]",1,0.00351,2.2028,3.2,5977.47,0.00323,0.00335
astar,L2,E0,15.0,49,"[6, 6, 1]","[17, 12, 6]",1,0.02891,3.9465,4.4,16040.33,0.00018,0.00337
astar,L2,E0,15.0,50,"[0, 13, 6]","[22, 10, 3]",1,0.00083,1.2771,1.2,7599.99,0.00194,0.00335
astar,L2,E0,15.0,51,"[11, 9, 4]","[21, 9, 6]",1,0.00783,2.8349,4.0,7499.63,0.00388,0.00403
astar,L2,E0,15.0,52,"[8, 6, 1]","[2, 9, 2]",1,0.00467,1.9793,2.4,10053.32,0.00015,0.00058
astar,L2,E0,15.0,53,"[23, 7, 1]","[5, 11, 4]",1,0.00752,2.2542,2.4,15767.48,0.00054,0.00297
astar,L2,E0,15.0,54,"[5, 8, 3]","[0, 7, 1]",1,0.00626,1.6091,2.0,5380.23,0.00045,0.00197
astar,L2,E0,15.0,55,"[4, 5, 1]","[20, 13, 7]",1,0.00559,3.4612,3.2,10046.46,1e-05,0.00254
astar,L2,E0,15.0,56,"[14, 8, 7]","[14, 8, 3]",1,0.00149,1.0472,1.6,2915.99,0.00284,0.00356
astar,L2,E0,15.0,57,"[17, 7, 3]","[8, 5, 0]",1,0.01212,2.8479,3.6,13187.99,0.0,0.00119
astar,L2,E0,15.0,58,"[0, 8, 1]","[18, 7, 5]",1,0.00772,2.0878,2.4,12526.9,0.00086,0.00257
astar,L2,E0,15.0,59,"[19, 7, 0]","[4, 5, 23]",1,0.00911,2.6563,3.6,7579.01,0.0,9e-05
astar,L2,E0,15.0,60,"[20, 10, 5]","[19, 11, 7]",1,0.00077,0.7152,0.8,8568.65,0.00256,0.00339
astar,L2,E0,15.0,61,"[22, 9, 4]","[0, 8, 6]",1,0.00078,0.8237,0.8,8093.95,0.00375,0.00403
astar,L2,E0,15.0,62,"[11, 8, 3]","[21, 7, 5]",1,0.01423,2.9181,4.0,9113.4,0.00281,0.00289
astar,L2,E0,15.0,63,"[13, 5, 1]","[3, 10, 6]",1,0.02286,3.5762,4.0,20168.82,1e-05,0.00261
astar,L2,E0,15.0,64,"[9, 9, 7]","[12, 11, 5]",1,0.00271,1.1687,1.2,6422.45,0.00313,0.0035
astar,L2,E0,15.0,65,"[21, 13, 6]","[22, 7, 1]",1,0.0056,2.1962,2.4,10328.95,0.00054,0.00288
astar,L2,E0,15.0,66,"[3, 7, 4]","[1, 7, 1]",1,0.00086,1.0023,1.2,4674.15,0.00054,0.00174
astar,L2,E0,15.0,67,"[14, 8, 6]","[20, 9, 6]",1,0.00241,1.6792,2.4,4529.75,0.00372,0.0038
astar,L2,E0,15.0,68,"[7, 11, 7]","[17, 6, 23]",1,0.02962,3.9016,4.0,17572.57,0.0,0.0021
astar,L2,E0,15.0,69,"[16, 6, 0]","[23, 7, 7]",1,0.00408,2.6749,2.8,7445.74,0.0,0.00189
astar,L2,E0,15.0,70,"[15, 11, 6]","[4, 6, 23]",1,0.0364,4.0549,4.4,17394.83,0.0,0.00206
astar,L2,E0,15.0,71,"[3, 9, 3]","[15, 10, 7]",1,0.05331,3.6586,4.8,12266.47,0.00298,0.00367
astar,L2,E0,15.0,72,"[15, 10, 7]","[10, 8, 1]",1,0.00658,2.2794,2.4,12660.59,0.00086,0.0031
astar,L2,E0,15.0,73,"[3, 12, 6]","[21, 8, 4]",1,0.01015,2.171,2.4,9235.72,0.00274,0.00377
astar,L2,E0,15.0,74,"[23, 8, 6]","[19, 14, 7]",1,0.00574,2.0878,2.4,9341.15,0.00042,0.00273
astar,L2,E0,15.0,75,"[19, 7, 1]","[2, 9, 6]",1,0.01287,2.5412,2.8,9689.61,0.00054,0.00288
astar,L2,E0,15.0,76,"[19, 8, 6]","[2, 8, 3]",1,0.00381,2.1579,2.8,9928.64,0.00285,0.0037
astar,L2,E0,15.0,77,"[8, 11, 4]","[11, 12, 7]",1,0.00106,1.1939,1.2,8913.17,0.00196,0.0034
astar,L2,E0,15.0,78,"[21, 4, 23]","[11, 7, 1]",1,0.01027,3.1097,4.0,15236.35,0.0,0.00023
astar,L2,E0,15.0,79,"[20, 10, 3]","[8, 12, 7]",1,0.04243,3.7418,4.8,14722.9,0.00197,0.0034
astar,L2,E0,15.0,80,"[20, 8, 6]","[5, 8, 5]",1,0.0037,2.4646,3.6,4485.18,0.00371,0.00377
astar,L2,E0,15.0,81,"[16, 13, 7]","[8, 6, 0]",1,0.00451,3.4359,3.2,14512.71,0.0,0.0022
astar,L2,E0,15.0,82,"[0, 8, 5]","[9, 10, 3]",1,0.01166,2.7395,3.6,12083.28,0.00356,0.0039
astar,L2,E0,15.0,83,"[3, 8, 2]","[22, 8, 7]",1,0.00135,1.8512,2.0,5831.97,0.00187,0.00331
astar,L2,E0,15.0,84,"[7, 8, 6]","[19, 11, 4]",1,0.04605,3.6333,4.8,8782.25,0.00372,0.00382
astar,L2,E0,15.0,85,"[21, 7, 3]","[23, 8, 7]",1,0.00266,1.3473,1.6,7767.87,0.00218,0.00307
astar,L2,E0,15.0,86,"[6, 4, 23]","[5, 5, 0]",1,0.00015,0.4534,0.4,14277.07,0.0,0.0004
astar,L2,E0,15.0,87,"[19, 7, 0]","[17, 11, 6]",1,0.00658,2.171,2.4,12444.73,0.0,0.00265
astar,L2,E0,15.0,88,"[12, 7, 5]","[12, 12, 7]",1,0.00233,1.5259,2.0,7455.07,0.00197,0.00351
astar,L2,E0,15.0,89,"[13, 6, 2]","[9, 8, 4]",1,0.00277,1.4305,1.6,4621.87,0.00057,0.00212
astar,L2,E0,15.0,90,"[0, 7, 2]","[3, 12, 7]",1,0.00243,2.1008,2.0,10594.73,0.00133,0.00319
astar,L2,E0,15.0,91,"[2, 7, 5]","[4, 5, 1]",1,0.00133,1.4305,1.6,13892.03,1e-05,0.00168
astar,L2,E0,15.0,92,"[2, 9, 2]","[17, 12, 6]",1,0.01241,3.0396,3.6,14416.29,0.00219,0.00358
astar,L2,E0,15.0,93,"[9, 7, 6]","[14, 11, 4]",1,0.00404,1.9092,2.0,9614.32,0.00336,0.00396
astar,L2,E0,15.0,94,"[18, 7, 7]","[8, 9, 2]",1,0.01972,3.3266,4.0,19409.94,0.0023,0.00334
astar,L2,E0,15.0,95,"[12, 8, 2]","[7, 7, 2]",1,0.00117,1.4174,2.0,4485.18,0.00127,0.00171
astar,L2,E0,15.0,96,"[11, 4, 23]","[0, 10, 6]",1,0.02134,4.1381,4.4,24350.95,0.0,0.00198
astar,L2,E0,15.0,97,"[8, 5, 1]","[19, 8, 1]",1,0.00835,3.2051,4.4,9968.28,0.0,0.00037
astar,L2,E0,15.0,98,"[23, 5, 0]","[8, 7, 4]",1,0.01122,2.9564,3.6,13974.29,0.0,0.00131
astar,L2,E0,15.0,99,"[7, 13, 7]","[5, 10, 4]",1,0.00067,1.2771,1.2,7599.99,0.00123,0.0031
astar,L2,E0,15.0,100,"[23, 8, 4]","[19, 7, 7]",1,0.00256,1.4557,1.6,10100.35,0.00298,0.00361
rrt,L1,E0,15.0,1,"[23, 8, 7]","[7, 4, 23]",1,0.07844,6.2375,22.4,4599.05,0.0,0.00125
rrt,L1,E0,15.0,2,"[10, 8, 4]","[6, 10, 3]",1,0.00455,1.9617,7.6,1072.21,0.00355,0.00393
rrt,L1,E0,15.0,3,"[2, 7, 3]","[20, 11, 5]",1,0.01103,2.5671,9.6,1464.35,0.00218,0.00374
rrt,L1,E0,15.0,4,"[11, 11, 6]","[4, 8, 4]",1,0.02689,3.0972,11.6,3120.89,0.00296,0.00355
rrt,L1,E0,15.0,5,"[12, 11, 7]","[20, 10, 3]",1,0.02512,3.5483,14.0,4052.53,0.00245,0.00343
rrt,L1,E0,15.0,6,"[4, 11, 5]","[9, 7, 1]",1,0.01066,3.2646,12.8,3203.14,0.00054,0.00325
rrt,L1,E0,15.0,7,"[7, 7, 2]","[15, 13, 6]",1,0.02441,3.9101,16.0,2930.09,0.00133,0.00272
rrt,L1,E0,15.0,8,"[3, 7, 6]","[8, 14, 7]",1,0.02202,3.1562,12.8,2377.5,0.00015,0.00233
rrt,L1,E0,15.0,9,"[9, 6, 1]","[10, 8, 6]",1,0.01004,1.9551,8.0,1975.67,0.00018,0.00239
rrt,L1,E0,15.0,10,"[16, 8, 4]","[11, 9, 5]",1,0.00666,1.8744,6.8,2653.42,0.00343,0.00398
rrt,L1,E0,15.0,11,"[22, 10, 6]","[13, 8, 1]",1,0.00986,3.5644,14.4,2469.87,0.00086,0.00294
rrt,L1,E0,15.0,12,"[0, 10, 4]","[20, 8, 5]",1,0.00943,1.3605,5.2,1420.59,0.00388,0.0041
rrt,L1,E0,15.0,13,"[0, 5, 23]","[11, 9, 7]",1,0.03333,5.5945,20.4,4712.1,0.0,0.00268
rrt,L1,E0,15.0,14,"[9, 7, 6]","[15, 12, 7]",1,0.01506,2.5676,10.4,1378.97,0.00184,0.00272
rrt,L1,E0,15.0,15,"[17, 7, 3]","[14, 8, 7]",1,0.00513,1.693,7.2,1885.09,0.00218,0.00329
rrt,L1,E0,15.0,16,"[22, 9, 7]","[12, 10, 6]",1,0.0309,2.8957,9.2,1222.05,0.0032,0.00352
rrt,L1,E0,15.0,17,"[1, 11, 7]","[4, 7, 4]",1,0.0062,1.8798,7.2,1480.88,0.00256,0.00371
rrt,L1,E0,15.0,18,"[5, 9, 3]","[20, 7, 3]",1,0.01215,2.8396,9.6,2208.94,0.00201,0.00259
rrt,L1,E0,15.0,19,"[8, 10, 7]","[9, 8, 7]",1,0.00149,1.0013,4.0,1265.77,0.00298,0.00342
rrt,L1,E0,15.0,20,"[6, 6, 23]","[14, 10, 5]",1,0.02941,4.3864,17.2,3026.94,0.0,0.00177
rrt,L1,E0,15.0,21,"[5, 7, 5]","[4, 8, 4]",1,0.00737,0.8478,3.2,577.02,0.00333,0.00345
rrt,L1,E0,15.0,22,"[4, 12, 6]","[14, 10, 6]",1,0.03465,3.2662,10.8,2827.9,0.00274,0.00371
rrt,L1,E0,15.0,23,"[12, 8, 6]","[1, 10, 7]",1,0.02859,3.7832,12.0,3836.57,0.00265,0.00301
rrt,L1,E0,15.0,24,"[0, 8, 4]","[13, 14, 7]",1,0.03834,4.3666,16.0,4581.1,0.00028,0.00258
rrt,L1,E0,15.0,25,"[14, 10, 5]","[13, 8, 6]",1,0.00561,1.0652,4.0,1511.61,0.00375,0.00391
rrt,L1,E0,15.0,26,"[9, 10, 3]","[0, 10, 5]",1,0.04017,2.8815,9.6,2233.32,0.00355,0.00405
rrt,L1,E0,15.0,27,"[23, 10, 7]","[11, 9, 2]",1,0.04508,4.6117,17.2,4757.51,0.00155,0.00308
rrt,L1,E0,15.0,28,"[20, 5, 1]","[2, 9, 3]",1,0.00971,2.5786,10.4,2957.14,0.0,0.00157
rrt,L1,E0,15.0,29,"[19, 5, 23]","[11, 7, 0]",1,0.0111,2.5542,8.8,3493.59,0.0,0.00016
rrt,L1,E0,15.0,30,"[20, 10, 4]","[0, 8, 6]",1,0.00683,1.5698,6.4,1224.59,0.00364,0.00403
rrt,L1,E0,15.0,31,"[3, 9, 7]","[2, 11, 7]",1,0.00395,0.6681,2.8,555.47,0.00256,0.00278
rrt,L1,E0,15.0,32,"[1, 9, 6]","[1, 6, 1]",1,0.02293,2.1852,8.8,1392.42,0.00018,0.00273
rrt,L1,E0,15.0,33,"[9, 10, 3]","[20, 8, 7]",1,0.06598,4.272,14.4,4338.56,0.0032,0.00365
rrt,L1,E0,15.0,34,"[2, 8, 6]","[8, 14, 7]",1,0.00948,2.6902,10.8,2316.31,0.00042,0.00248
rrt,L1,E0,15.0,35,"[13, 7, 5]","[16, 14, 7]",1,0.02625,2.4918,10.0,2224.71,0.00042,0.00264
rrt,L1,E0,15.0,36,"[3, 6, 0]","[17, 9, 7]",1,0.03938,4.325,16.0,3333.14,0.0,0.00256
rrt,L1,E0,15.0,37,"[8, 9, 3]","[7, 7, 1]",1,0.00481,1.0096,3.6,1368.24,0.00054,0.00217
rrt,L1,E0,15.0,38,"[20, 7, 1]","[14, 8, 6]",1,0.01227,2.4556,10.0,2352.69,0.00054,0.00281
rrt,L1,E0,15.0,39,"[3, 10, 5]","[10, 7, 0]",1,0.0144,3.5362,14.4,4538.01,0.0,0.00254
rrt,L1,E0,15.0,40,"[8, 12, 7]","[7, 7, 4]",1,0.01122,2.3058,8.8,2658.7,0.00196,0.00362
rrt,L1,E0,15.0,41,"[23, 7, 0]","[7, 9, 4]",1,0.01998,3.6811,13.6,3196.22,0.0,0.00279
rrt,L1,E0,15.0,42,"[9, 12, 5]","[6, 12, 7]",1,0.00448,1.3615,5.2,1133.76,0.00196,0.00268
rrt,L1,E0,15.0,43,"[13, 9, 4]","[6, 10, 7]",1,0.0211,2.4995,8.8,2376.08,0.00298,0.00364
rrt,L1,E0,15.0,44,"[5, 4, 23]","[3, 13, 7]",1,0.02856,4.4235,18.0,2755.11,0.0,0.00206
rrt,L1,E0,15.0,45,"[20, 4, 23]","[20, 9, 7]",1,0.02692,4.0825,16.0,3023.87,0.0,0.00208
rrt,L1,E0,15.0,46,"[21, 11, 5]","[3, 8, 7]",1,0.0279,2.9279,12.0,2435.28,0.00193,0.00306
rrt,L1,E0,15.0,47,"[21, 5, 23]","[4, 10, 3]",1,0.01531,3.1786,12.4,1822.78,0.0,0.00168
rrt,L1,E0,15.0,48,"[7, 9, 3]","[15, 9, 4]",1,0.01238,2.5091,8.8,2906.37,0.00303,0.00355
rrt,L1,E0,15.0,49,"[6, 6, 1]","[17, 12, 6]",1,0.0375,5.8003,21.2,4419.26,3e-05,0.00247
rrt,L1,E0,15.0,50,"[0, 13, 6]","[22, 10, 3]",1,0.01036,1.9742,7.6,2154.61,0.00187,0.00319
rrt,L1,E0,15.0,51,"[11, 9, 4]","[21, 9, 6]",1,0.04492,3.3896,11.2,2884.01,0.00345,0.00388
rrt,L1,E0,15.0,52,"[8, 6, 1]","[2, 9, 2]",1,0.01171,2.4288,9.6,2461.69,0.00018,0.00182
rrt,L1,E0,15.0,53,"[23, 7, 1]","[5, 11, 4]",1,0.0181,3.0814,12.4,2151.51,0.00054,0.00336
rrt,L1,E0,15.0,54,"[5, 8, 3]","[0, 7, 1]",1,0.01357,1.8053,6.8,1340.96,0.00054,0.00136
rrt,L1,E0,15.0,55,"[4, 5, 1]","[20, 13, 7]",1,0.03726,4.8234,19.2,4801.82,0.0,0.00218
rrt,L1,E0,15.0,56,"[14, 8, 7]","[14, 8, 3]",1,0.01006,1.1229,3.6,911.14,0.00284,0.00361
rrt,L1,E0,15.0,57,"[17, 7, 3]","[8, 5, 0]",1,0.0257,3.6876,13.2,4078.72,0.0,0.00042
rrt,L1,E0,15.0,58,"[0, 8, 1]","[18, 7, 5]",1,0.03667,2.3871,9.6,1482.57,0.0008,0.00174
rrt,L1,E0,15.0,59,"[19, 7, 0]","[4, 5, 23]",1,0.01618,3.6649,14.0,3397.95,0.0,0.00042
rrt,L1,E0,15.0,60,"[20, 10, 5]","[19, 11, 7]",1,0.00215,0.9487,4.0,1063.1,0.00256,0.00343
rrt,L1,E0,15.0,61,"[22, 9, 4]","[0, 8, 6]",1,0.00489,1.1758,4.8,1388.8,0.00375,0.004
rrt,L1,E0,15.0,62,"[11, 8, 3]","[21, 7, 5]",1,0.02698,3.1035,10.4,3212.4,0.00284,0.00326
rrt,L1,E0,15.0,63,"[13, 5, 1]","[3, 10, 6]",1,0.03437,4.2969,16.4,4035.75,0.0,0.00261
rrt,L1,E0,15.0,64,"[9, 9, 7]","[12, 11, 5]",1,0.00898,1.9179,7.6,2403.68,0.00301,0.00358
rrt,L1,E0,15.0,65,"[21, 13, 6]","[22, 7, 1]",1,0.01122,2.9372,11.6,3511.42,0.00054,0.0027
rrt,L1,E0,15.0,66,"[3, 7, 4]","[1, 7, 1]",1,0.00349,1.0916,4.0,1277.41,0.00054,0.00177
rrt,L1,E0,15.0,67,"[14, 8, 6]","[20, 9, 6]",1,0.01953,1.9184,6.8,1959.86,0.00375,0.00396
rrt,L1,E0,15.0,68,"[7, 11, 7]","[17, 6, 23]",1,0.02409,4.8069,19.6,3574.09,0.0,0.00214
rrt,L1,E0,15.0,69,"[16, 6, 0]","[23, 7, 7]",1,0.02568,4.6503,17.6,4403.51,0.0,0.00251
rrt,L1,E0,15.0,70,"[15, 11, 6]","[4, 6, 23]",1,0.06953,4.4857,17.2,3184.69,0.0,0.00202
rrt,L1,E0,15.0,71,"[3, 9, 3]","[15, 10, 7]",1,0.04846,4.5919,16.8,4866.73,0.00274,0.0037
rrt,L1,E0,15.0,72,"[15, 10, 7]","[10, 8, 1]",1,0.01836,2.523,10.0,1945.31,0.00086,0.00328
rrt,L1,E0,15.0,73,"[3, 12, 6]","[21, 8, 4]",1,0.01385,2.5537,10.0,2191.16,0.00274,0.0037
rrt,L1,E0,15.0,74,"[23, 8, 6]","[19, 14, 7]",1,0.0116,2.2749,8.8,1613.32,0.00042,0.00241
rrt,L1,E0,15.0,75,"[19, 7, 1]","[2, 9, 6]",1,0.01517,2.9112,11.6,2385.62,0.00046,0.00279
rrt,L1,E0,15.0,76,"[19, 8, 6]","[2, 8, 3]",1,0.01584,2.6351,10.0,2310.49,0.00284,0.00352
rrt,L1,E0,15.0,77,"[8, 11, 4]","[11, 12, 7]",1,0.00836,1.9404,7.6,2451.24,0.00196,0.00361
rrt,L1,E0,15.0,78,"[21, 4, 23]","[11, 7, 1]",1,0.03356,3.7123,13.2,3190.54,0.0,0.00028
rrt,L1,E0,15.0,79,"[20, 10, 3]","[8, 12, 7]",1,0.03056,4.2591,14.8,5174.68,0.00196,0.00302
rrt,L1,E0,15.0,80,"[20, 8, 6]","[5, 8, 5]",1,0.05578,2.5131,7.2,1521.82,0.00375,0.00387
rrt,L1,E0,15.0,81,"[16, 13, 7]","[8, 6, 0]",1,0.03035,5.8723,21.2,5605.38,0.0,0.00162
rrt,L1,E0,15.0,82,"[0, 8, 5]","[9, 10, 3]",1,0.02142,3.3533,12.4,4091.71,0.00312,0.00351
rrt,L1,E0,15.0,83,"[3, 8, 2]","[22, 8, 7]",1,0.04018,3.2112,12.8,3990.15,0.00187,0.0032
rrt,L1,E0,15.0,84,"[7, 8, 6]","[19, 11, 4]",1,0.07952,4.3515,15.2,4266.28,0.00375,0.00393
rrt,L1,E0,15.0,85,"[21, 7, 3]","[23, 8, 7]",1,0.00709,1.8984,7.2,2747.97,0.00218,0.00349
rrt,L1,E0,15.0,86,"[6, 4, 23]","[5, 5, 0]",1,0.00222,0.5785,2.4,1143.74,0.0,0.00041
rrt,L1,E0,15.0,87,"[19, 7, 0]","[17, 11, 6]",1,0.0462,3.5621,14.0,2380.42,0.0,0.00267
rrt,L1,E0,15.0,88,"[12, 7, 5]","[12, 12, 7]",1,0.0064,2.0079,8.0,2643.18,0.00196,0.00352
rrt,L1,E0,15.0,89,"[13, 6, 2]","[9, 8, 4]",1,0.01127,1.6947,7.2,1084.49,0.00069,0.00261
rrt,L1,E0,15.0,90,"[0, 7, 2]","[3, 12, 7]",1,0.01967,2.6574,10.4,2313.62,0.00133,0.00317
rrt,L1,E0,15.0,91,"[2, 7, 5]","[4, 5, 1]",1,0.01509,2.4098,9.6,1616.81,0.0,0.00234
rrt,L1,E0,15.0,92,"[2, 9, 2]","[17, 12, 6]",1,0.04168,4.1179,14.4,2426.21,0.0023,0.00322
rrt,L1,E0,15.0,93,"[9, 7, 6]","[14, 11, 4]",1,0.02559,3.1131,12.4,2813.24,0.00236,0.00316
rrt,L1,E0,15.0,94,"[18, 7, 7]","[8, 9, 2]",1,0.08691,3.8607,15.6,2874.81,0.0023,0.00352
rrt,L1,E0,15.0,95,"[12, 8, 2]","[7, 7, 2]",1,0.01007,1.7039,6.0,2267.29,0.00081,0.00115
rrt,L1,E0,15.0,96,"[11, 4, 23]","[0, 10, 6]",1,0.05725,5.4203,21.2,4962.72,0.0,0.00222
rrt,L1,E0,15.0,97,"[8, 5, 1]","[19, 8, 1]",1,0.02903,4.8477,17.6,3686.56,0.0,0.00056
rrt,L1,E0,15.0,98,"[23, 5, 0]","[8, 7, 4]",1,0.04972,4.0411,14.8,4482.52,0.0,0.00155
rrt,L1,E0,15.0,99,"[7, 13, 7]","[5, 10, 4]",1,0.00458,1.6481,6.8,2133.41,0.00123,0.0032
rrt,L1,E0,15.0,100,"[23, 8, 4]","[19, 7, 7]",1,0.0204,1.8135,7.6,1644.48,0.00281,0.00315
rrt,L2,E0,15.0,1,"[23, 8, 7]","[7, 4, 23]",1,0.02568,4.4639,12.0,4546.31,0.0,0.00196
rrt,L2,E0,15.0,2,"[10, 8, 4]","[6, 10, 3]",1,0.01109,1.4126,4.0,1585.97,0.00308,0.00348
rrt,L2,E0,15.0,3,"[2, 7, 3]","[20, 11, 5]",1,0.01356,2.6856,7.2,4172.25,0.00218,0.00363
rrt,L2,E0,15.0,4,"[11, 11, 6]","[4, 8, 4]",1,0.01291,3.0361,8.0,5657.6,0.00311,0.00362
rrt,L2,E0,15.0,5,"[12, 11, 7]","[20, 10, 3]",1,0.00955,3.149,8.4,4989.81,0.00256,0.00347
rrt,L2,E0,15.0,6,"[4, 11, 5]","[9, 7, 1]",1,0.01652,3.6266,9.6,6569.9,0.00054,0.00254
rrt,L2,E0,15.0,7,"[7, 7, 2]","[15, 13, 6]",1,0.02662,4.2406,11.2,5773.28,0.00041,0.00227
rrt,L2,E0,15.0,8,"[3, 7, 6]","[8, 14, 7]",1,0.01243,3.4882,9.2,7545.82,0.00035,0.00263
rrt,L2,E0,15.0,9,"[9, 6, 1]","[10, 8, 6]",1,0.00625,1.797,4.8,2024.26,0.00018,0.00233
rrt,L2,E0,15.0,10,"[16, 8, 4]","[11, 9, 5]",1,0.01513,2.2676,6.0,3620.72,0.00199,0.00287
rrt,L2,E0,15.0,11,"[22, 10, 6]","[13, 8, 1]",1,0.03764,3.5216,9.6,4389.67,0.00037,0.00299
rrt,L2,E0,15.0,12,"[0, 10, 4]","[20, 8, 5]",1,0.00733,2.1483,5.6,3739.64,0.00161,0.00297
rrt,L2,E0,15.0,13,"[0, 5, 23]","[11, 9, 7]",1,0.03131,5.2444,14.0,8533.37,0.0,0.00238
rrt,L2,E0,15.0,14,"[9, 7, 6]","[15, 12, 7]",1,0.01141,3.0977,8.4,4486.02,0.0011,0.00277
rrt,L2,E0,15.0,15,"[17, 7, 3]","[14, 8, 7]",1,0.0019,1.5186,4.0,2645.9,0.00218,0.00335
rrt,L2,E0,15.0,16,"[22, 9, 7]","[12, 10, 6]",1,0.01296,4.1742,11.2,5507.37,0.0032,0.00365
rrt,L2,E0,15.0,17,"[1, 11, 7]","[4, 7, 4]",1,0.01061,2.7058,7.2,4552.45,0.00256,0.00315
rrt,L2,E0,15.0,18,"[5, 9, 3]","[20, 7, 3]",1,0.01211,3.3765,9.2,3740.33,0.00218,0.00306
rrt,L2,E0,15.0,19,"[8, 10, 7]","[9, 8, 7]",1,0.00099,0.7862,2.0,2123.6,0.00298,0.00342
rrt,L2,E0,15.0,20,"[6, 6, 23]","[14, 10, 5]",1,0.01035,4.141,11.2,5145.44,0.0,0.0026
rrt,L2,E0,15.0,21,"[5, 7, 5]","[4, 8, 4]",1,0.00205,0.8074,2.4,1604.33,0.00334,0.00376
rrt,L2,E0,15.0,22,"[4, 12, 6]","[14, 10, 6]",1,0.01788,3.5848,9.6,4343.33,0.00247,0.00353
rrt,L2,E0,15.0,23,"[12, 8, 6]","[1, 10, 7]",1,0.03293,4.0916,10.8,6566.58,0.0027,0.00311
rrt,L2,E0,15.0,24,"[0, 8, 4]","[13, 14, 7]",1,0.02521,4.2387,11.2,4755.67,0.00042,0.00331
rrt,L2,E0,15.0,25,"[14, 10, 5]","[13, 8, 6]",1,0.00464,1.017,2.8,1620.9,0.00375,0.00389
rrt,L2,E0,15.0,26,"[9, 10, 3]","[0, 10, 5]",1,0.01397,3.2163,8.8,3357.92,0.00288,0.00389
rrt,L2,E0,15.0,27,"[23, 10, 7]","[11, 9, 2]",1,0.02172,4.5545,12.4,6086.51,0.00197,0.0029
rrt,L2,E0,15.0,28,"[20, 5, 1]","[2, 9, 3]",1,0.00855,2.345,6.4,3002.2,0.0,0.00123
rrt,L2,E0,15.0,29,"[19, 5, 23]","[11, 7, 0]",1,0.02321,2.9081,8.0,4724.51,0.0,0.00017
rrt,L2,E0,15.0,30,"[20, 10, 4]","[0, 8, 6]",1,0.00417,1.5273,4.0,2312.34,0.00375,0.00406
rrt,L2,E0,15.0,31,"[3, 9, 7]","[2, 11, 7]",1,0.00118,0.7437,2.0,2127.48,0.00256,0.00282
rrt,L2,E0,15.0,32,"[1, 9, 6]","[1, 6, 1]",1,0.00304,1.7861,4.8,2173.52,0.00018,0.00266
rrt,L2,E0,15.0,33,"[9, 10, 3]","[20, 8, 7]",1,0.01417,4.2173,11.2,6331.94,0.00286,0.00357
rrt,L2,E0,15.0,34,"[2, 8, 6]","[8, 14, 7]",1,0.01674,2.9422,8.0,2788.11,0.00042,0.00261
rrt,L2,E0,15.0,35,"[13, 7, 5]","[16, 14, 7]",1,0.00608,2.9135,8.0,4860.93,0.00042,0.00292
rrt,L2,E0,15.0,36,"[3, 6, 0]","[17, 9, 7]",1,0.01853,4.8287,12.8,6883.31,0.0,0.00275
rrt,L2,E0,15.0,37,"[8, 9, 3]","[7, 7, 1]",1,0.0016,1.219,3.2,3419.92,0.00032,0.00163
rrt,L2,E0,15.0,38,"[20, 7, 1]","[14, 8, 6]",1,0.01497,2.4553,6.8,2162.9,0.00054,0.00294
rrt,L2,E0,15.0,39,"[3, 10, 5]","[10, 7, 0]",1,0.02175,3.4829,9.2,4666.28,0.0,0.00212
rrt,L2,E0,15.0,40,"[8, 12, 7]","[7, 7, 4]",1,0.00628,2.1578,6.0,2929.27,0.00183,0.00321
rrt,L2,E0,15.0,41,"[23, 7, 0]","[7, 9, 4]",1,0.01427,3.636,9.6,6160.16,0.0,0.00261
rrt,L2,E0,15.0,42,"[9, 12, 5]","[6, 12, 7]",1,0.00166,1.0528,2.8,1903.53,0.00196,0.00264
rrt,L2,E0,15.0,43,"[13, 9, 4]","[6, 10, 7]",1,0.01684,3.3943,9.2,6338.73,0.00223,0.00297
rrt,L2,E0,15.0,44,"[5, 4, 23]","[3, 13, 7]",1,0.00944,3.8897,10.4,3432.64,0.0,0.00202
rrt,L2,E0,15.0,45,"[20, 4, 23]","[20, 9, 7]",1,0.01274,3.6834,10.0,4618.54,0.0,0.00192
rrt,L2,E0,15.0,46,"[21, 11, 5]","[3, 8, 7]",1,0.00785,2.3012,6.4,4640.33,0.00302,0.0035
rrt,L2,E0,15.0,47,"[21, 5, 23]","[4, 10, 3]",1,0.01553,3.75,10.0,5547.63,0.0,0.002
rrt,L2,E0,15.0,48,"[7, 9, 3]","[15, 9, 4]",1,0.0034,2.8273,7.6,3240.71,0.00296,0.00358
rrt,L2,E0,15.0,49,"[6, 6, 1]","[17, 12, 6]",1,0.0238,6.1545,16.4,8114.24,0.00016,0.00202
rrt,L2,E0,15.0,50,"[0, 13, 6]","[22, 10, 3]",1,0.01005,2.7308,7.2,3184.48,0.00194,0.00317
rrt,L2,E0,15.0,51,"[11, 9, 4]","[21, 9, 6]",1,0.0481,3.553,9.6,4048.18,0.00343,0.00381
rrt,L2,E0,15.0,52,"[8, 6, 1]","[2, 9, 2]",1,0.00432,2.2679,6.0,4154.42,0.00018,0.00129
rrt,L2,E0,15.0,53,"[23, 7, 1]","[5, 11, 4]",1,0.00949,3.1907,8.4,5030.21,0.00051,0.00269
rrt,L2,E0,15.0,54,"[5, 8, 3]","[0, 7, 1]",1,0.00501,2.7436,7.2,4996.91,0.0,0.00127
rrt,L2,E0,15.0,55,"[4, 5, 1]","[20, 13, 7]",1,0.00976,4.0716,10.8,5598.49,0.0,0.00237
rrt,L2,E0,15.0,56,"[14, 8, 7]","[14, 8, 3]",1,0.00175,1.539,4.0,2803.0,0.00284,0.00378
rrt,L2,E0,15.0,57,"[17, 7, 3]","[8, 5, 0]",1,0.00938,3.3897,9.2,4512.7,0.0,0.00059
rrt,L2,E0,15.0,58,"[0, 8, 1]","[18, 7, 5]",1,0.00909,2.2754,6.0,3916.86,0.00086,0.00222
rrt,L2,E0,15.0,59,"[19, 7, 0]","[4, 5, 23]",1,0.01075,3.1255,8.4,4393.87,0.0,0.00025
rrt,L2,E0,15.0,60,"[20, 10, 5]","[19, 11, 7]",1,0.00062,0.7685,2.0,2148.46,0.00256,0.00366
rrt,L2,E0,15.0,61,"[22, 9, 4]","[0, 8, 6]",1,0.00361,1.0147,2.8,2336.6,0.00363,0.00384
rrt,L2,E0,15.0,62,"[11, 8, 3]","[21, 7, 5]",1,0.0209,4.2174,11.2,6518.35,0.00284,0.00383
rrt,L2,E0,15.0,63,"[13, 5, 1]","[3, 10, 6]",1,0.04232,3.8542,10.4,4758.9,0.0,0.00241
rrt,L2,E0,15.0,64,"[9, 9, 7]","[12, 11, 5]",1,0.00359,1.372,3.6,2148.43,0.0032,0.00372
rrt,L2,E0,15.0,65,"[21, 13, 6]","[22, 7, 1]",1,0.00674,3.5399,9.6,4182.49,0.00054,0.00282
rrt,L2,E0,15.0,66,"[3, 7, 4]","[1, 7, 1]",1,0.00433,1.2718,3.6,1876.6,0.00054,0.00147
rrt,L2,E0,15.0,67,"[14, 8, 6]","[20, 9, 6]",1,0.00918,2.2953,6.0,3781.91,0.00354,0.00382
rrt,L2,E0,15.0,68,"[7, 11, 7]","[17, 6, 23]",1,0.01657,5.4278,14.4,6547.15,0.0,0.00184
rrt,L2,E0,15.0,69,"[16, 6, 0]","[23, 7, 7]",1,0.00943,3.6274,9.6,6612.77,0.0,0.00165
rrt,L2,E0,15.0,70,"[15, 11, 6]","[4, 6, 23]",1,0.02223,5.1306,13.6,5769.12,0.0,0.00218
rrt,L2,E0,15.0,71,"[3, 9, 3]","[15, 10, 7]",1,0.01353,4.0659,10.8,5303.43,0.00282,0.00338
rrt,L2,E0,15.0,72,"[15, 10, 7]","[10, 8, 1]",1,0.01041,2.6766,7.2,3041.73,0.00086,0.00293
rrt,L2,E0,15.0,73,"[3, 12, 6]","[21, 8, 4]",1,0.01203,2.6421,7.2,3829.17,0.00274,0.00372
rrt,L2,E0,15.0,74,"[23, 8, 6]","[19, 14, 7]",1,0.00483,2.5739,6.8,3521.27,0.00042,0.00237
rrt,L2,E0,15.0,75,"[19, 7, 1]","[2, 9, 6]",1,0.01223,3.7218,10.0,5700.29,0.00054,0.00323
rrt,L2,E0,15.0,76,"[19, 8, 6]","[2, 8, 3]",1,0.01463,2.9085,8.0,2625.87,0.00141,0.00262
rrt,L2,E0,15.0,77,"[8, 11, 4]","[11, 12, 7]",1,0.00936,1.3165,3.6,1578.47,0.00196,0.00332
rrt,L2,E0,15.0,78,"[21, 4, 23]","[11, 7, 1]",1,0.0186,3.7893,10.0,5243.04,0.0,0.00029
rrt,L2,E0,15.0,79,"[20, 10, 3]","[8, 12, 7]",1,0.01549,4.6848,12.4,6300.22,0.00076,0.00211
rrt,L2,E0,15.0,80,"[20, 8, 6]","[5, 8, 5]",1,0.01019,2.9975,8.0,2468.33,0.0033,0.00373
rrt,L2,E0,15.0,81,"[16, 13, 7]","[8, 6, 0]",1,0.01457,4.5592,12.4,5520.57,0.0,0.00189
rrt,L2,E0,15.0,82,"[0, 8, 5]","[9, 10, 3]",1,0.01963,4.2963,11.6,5479.75,0.00306,0.00364
rrt,L2,E0,15.0,83,"[3, 8, 2]","[22, 8, 7]",1,0.01132,2.2631,6.0,2395.89,0.00176,0.00312
rrt,L2,E0,15.0,84,"[7, 8, 6]","[19, 11, 4]",1,0.04459,4.294,11.6,5387.97,0.003,0.00356
rrt,L2,E0,15.0,85,"[21, 7, 3]","[23, 8, 7]",1,0.00904,2.1197,5.6,4188.97,0.00199,0.00325
rrt,L2,E0,15.0,86,"[6, 4, 23]","[5, 5, 0]",1,0.0012,0.6232,1.6,1663.47,0.0,0.00032
rrt,L2,E0,15.0,87,"[19, 7, 0]","[17, 11, 6]",1,0.01307,3.3078,8.8,5641.93,0.0,0.00217
rrt,L2,E0,15.0,88,"[12, 7, 5]","[12, 12, 7]",1,0.00457,2.102,5.6,4916.55,0.00196,0.00349
rrt,L2,E0,15.0,89,"[13, 6, 2]","[9, 8, 4]",1,0.00365,1.9843,5.2,2915.3,0.00069,0.00216
rrt,L2,E0,15.0,90,"[0, 7, 2]","[3, 12, 7]",1,0.01618,3.3547,9.2,4940.34,0.00133,0.00285
rrt,L2,E0,15.0,91,"[2, 7, 5]","[4, 5, 1]",1,0.07102,3.2869,8.8,4340.18,0.0,0.00245
rrt,L2,E0,15.0,92,"[2, 9, 2]","[17, 12, 6]",1,0.01833,4.038,10.8,5205.19,0.00147,0.00319
rrt,L2,E0,15.0,93,"[9, 7, 6]","[14, 11, 4]",1,0.01496,2.5838,6.8,4092.65,0.00297,0.00369
rrt,L2,E0,15.0,94,"[18, 7, 7]","[8, 9, 2]",1,0.01467,4.3361,11.6,7022.22,0.00211,0.00337
rrt,L2,E0,15.0,95,"[12, 8, 2]","[7, 7, 2]",1,0.00979,1.7529,4.8,2210.53,0.00082,0.00148
rrt,L2,E0,15.0,96,"[11, 4, 23]","[0, 10, 6]",1,0.01261,5.2473,14.0,6746.99,0.0,0.00236
rrt,L2,E0,15.0,97,"[8, 5, 1]","[19, 8, 1]",1,0.02229,4.9775,13.2,9115.92,0.0,0.00056
rrt,L2,E0,15.0,98,"[23, 5, 0]","[8, 7, 4]",1,0.01039,3.6478,9.6,4897.01,0.0,0.00195
rrt,L2,E0,15.0,99,"[7, 13, 7]","[5, 10, 4]",1,0.00685,1.8139,4.8,4538.11,0.00123,0.00289
rrt,L2,E0,15.0,100,"[23, 8, 4]","[19, 7, 7]",1,0.00441,2.2315,6.0,3527.93,0.00298,0.00338
astar,L1,E1,15.0,1,"[8, 13, 7]","[4, 6, 0]",1,0.00203,4.7124,7.2,21806.7,0.0,0.00227
astar,L1,E1,15.0,2,"[15, 7, 6]","[17, 6, 1]",1,0.00066,2.0944,3.2,6904.86,0.00015,0.00159
astar,L1,E1,15.0,3,"[22, 9, 6]","[20, 6, 0]",1,0.00094,2.8798,4.4,6768.28,0.0,0.00248
astar,L1,E1,15.0,4,"[9, 8, 2]","[14, 9, 6]",1,0.00124,2.618,4.0,13646.81,0.00187,0.00378
astar,L1,E1,15.0,5,"[16, 9, 5]","[18, 13, 7]",1,0.00161,2.0944,3.2,4602.16,0.00117,0.00248
astar,L1,E1,15.0,6,"[12, 11, 7]","[9, 9, 5]",1,0.00048,1.8326,2.8,4701.15,0.00251,0.00301
astar,L1,E1,15.0,7,"[18, 8, 1]","[14, 11, 5]",1,0.00069,2.8798,4.4,4963.61,0.00077,0.00239
astar,L1,E1,15.0,8,"[8, 8, 3]","[9, 8, 6]",1,0.00045,1.0472,1.6,4992.97,0.00284,0.00362
astar,L1,E1,15.0,9,"[8, 8, 5]","[12, 8, 4]",1,0.00052,1.309,2.0,4988.05,0.00351,0.0036
astar,L1,E1,15.0,10,"[19, 7, 2]","[10, 6, 1]",1,0.00077,2.8798,4.4,9439.62,0.00018,0.00063
astar,L1,E1,15.0,11,"[5, 14, 7]","[12, 5, 0]",1,0.00125,6.0214,9.2,18555.26,0.0,0.00158
astar,L1,E1,15.0,12,"[13, 7, 5]","[7, 6, 3]",1,0.00047,2.3562,3.6,8671.4,0.00137,0.00278
astar,L1,E1,15.0,13,"[13, 6, 23]","[21, 10, 7]",1,0.00216,5.236,8.0,16998.28,0.0,0.00277
astar,L1,E1,15.0,14,"[3, 10, 7]","[12, 11, 4]",1,0.00109,3.4034,5.2,7169.79,0.00298,0.004
astar,L1,E1,15.0,15,"[6, 10, 4]","[11, 9, 7]",1,0.00144,2.3562,3.6,11142.51,0.0032,0.00393
astar,L1,E1,15.0,16,"[4, 10, 7]","[13, 8, 1]",1,0.00322,4.4506,6.8,20740.36,0.00086,0.00273
astar,L1,E1,15.0,17,"[5, 8, 7]","[17, 9, 5]",1,0.00292,3.927,6.0,5372.84,0.0032,0.00409
astar,L1,E1,15.0,18,"[10, 11, 4]","[14, 9, 5]",1,0.00108,1.8326,2.8,5372.84,0.00397,0.00412
astar,L1,E1,15.0,19,"[14, 7, 0]","[20, 7, 0]",1,0.00027,1.5708,2.4,2915.99,0.0,0.0
astar,L1,E1,15.0,20,"[4, 11, 5]","[16, 10, 5]",1,0.00118,3.4034,5.2,7367.56,0.00384,0.00414
astar,L1,E1,15.0,21,"[11, 11, 5]","[12, 13, 6]",1,0.00041,1.0472,1.6,6975.9,0.00186,0.00276
astar,L1,E1,15.0,22,"[3, 10, 3]","[21, 14, 7]",1,0.00104,3.6652,5.6,16965.41,0.00042,0.00224
astar,L1,E1,15.0,23,"[13, 6, 2]","[21, 10, 4]",1,0.00202,3.6652,5.6,12459.52,0.00069,0.00294
astar,L1,E1,15.0,24,"[21, 7, 7]","[10, 5, 0]",1,0.00084,5.236,8.0,11438.17,0.0,0.00242
astar,L1,E1,15.0,25,"[21, 10, 5]","[10, 8, 2]",1,0.00134,4.1888,6.4,6768.28,0.00187,0.00392
astar,L1,E1,15.0,26,"[7, 12, 7]","[4, 8, 5]",1,0.00093,2.3562,3.6,6768.28,0.0019,0.00293
astar,L1,E1,15.0,27,"[9, 6, 2]","[13, 11, 5]",1,0.00246,3.1416,4.8,13783.08,0.00069,0.00282
astar,L1,E1,15.0,28,"[20, 7, 2]","[19, 8, 4]",1,0.00034,1.0472,1.6,6975.9,0.00125,0.0022
astar,L1,E1,15.0,29,"[9, 8, 7]","[19, 14, 7]",1,0.00259,4.1888,6.4,3937.34,0.00035,0.00113
astar,L1,E1,15.0,30,"[7, 5, 1]","[15, 8, 5]",1,0.00199,3.927,6.0,15441.83,1e-05,0.00261
astar,L1,E1,15.0,31,"[5, 5, 23]","[12, 8, 5]",1,0.00182,4.1888,6.4,17077.87,0.0,0.00246
astar,L1,E1,15.0,32,"[9, 7, 6]","[19, 7, 3]",1,0.00253,3.4034,5.2,3942.26,0.00211,0.00238
astar,L1,E1,15.0,33,"[13, 7, 4]","[20, 12, 6]",1,0.00445,3.6652,5.6,6857.41,0.00268,0.00316
astar,L1,E1,15.0,34,"[9, 6, 2]","[10, 5, 0]",1,0.00048,1.0472,1.6,10118.7,0.0,0.00018
astar,L1,E1,15.0,35,"[20, 7, 0]","[3, 4, 23]",1,0.00648,5.4978,8.4,7442.43,0.0,5e-05
astar,L1,E1,15.0,36,"[14, 8, 7]","[20, 6, 2]",1,0.00167,3.4034,5.2,10092.33,0.00063,0.00194
astar,L1,E1,15.0,37,"[13, 10, 5]","[15, 7, 0]",1,0.00083,2.618,4.0,10773.35,0.0,0.00211
astar,L1,E1,15.0,38,"[17, 7, 5]","[4, 10, 7]",1,0.00522,4.7124,7.2,15128.92,0.00298,0.00382
astar,L1,E1,15.0,39,"[15, 6, 23]","[6, 14, 7]",1,0.00256,6.545,10.0,20577.72,0.0,0.00149
astar,L1,E1,15.0,40,"[16, 11, 7]","[6, 10, 6]",1,0.00075,3.1416,4.8,8220.5,0.00251,0.00289
astar,L1,E1,15.0,41,"[4, 12, 7]","[11, 10, 7]",1,0.00104,2.3562,3.6,5836.06,0.0019,0.00276
astar,L1,E1,15.0,42,"[20, 9, 2]","[17, 5, 1]",1,0.00064,2.0944,3.2,8396.3,1e-05,0.00153
astar,L1,E1,15.0,43,"[8, 6, 0]","[5, 9, 3]",1,0.00079,2.3562,3.6,9274.52,0.0,0.00098
astar,L1,E1,15.0,44,"[7, 11, 7]","[10, 5, 0]",1,0.00217,4.1888,6.4,23419.93,0.0,0.00217
astar,L1,E1,15.0,45,"[14, 7, 2]","[15, 9, 6]",1,0.0009,1.8326,2.8,11271.7,0.00133,0.00321
astar,L1,E1,15.0,46,"[4, 12, 6]","[10, 7, 6]",1,0.0016,2.8798,4.4,3937.34,0.00274,0.00345
astar,L1,E1,15.0,47,"[9, 5, 23]","[21, 5, 0]",1,0.00162,3.4034,5.2,4988.05,0.0,2e-05
astar,L1,E1,15.0,48,"[5, 11, 5]","[12, 8, 7]",1,0.002,3.1416,4.8,18410.76,0.00313,0.00375
astar,L1,E1,15.0,49,"[13, 7, 7]","[18, 11, 4]",1,0.0045,3.1416,4.8,8025.2,0.00291,0.00374
astar,L1,E1,15.0,50,"[4, 9, 7]","[21, 5, 0]",1,0.00791,6.8068,10.4,26341.06,0.0,0.00226
astar,L1,E1,15.0,51,"[15, 9, 4]","[6, 6, 23]",1,0.0011,4.4506,6.8,9452.78,0.0,0.00287
astar,L1,E1,15.0,52,"[21, 5, 1]","[16, 7, 0]",1,0.00042,2.0944,3.2,5372.84,0.0,0.00013
astar,L1,E1,15.0,53,"[14, 10, 3]","[11, 8, 4]",1,0.00034,1.5708,2.4,5930.12,0.00283,0.0034
astar,L1,E1,15.0,54,"[17, 6, 2]","[19, 7, 2]",1,0.00029,0.7854,1.2,4809.78,0.00069,0.00122
astar,L1,E1,15.0,55,"[10, 8, 4]","[3, 12, 7]",1,0.00106,3.6652,5.6,17632.69,0.00196,0.00371
astar,L1,E1,15.0,56,"[10, 12, 5]","[9, 8, 6]",1,0.00034,1.5708,2.4,7060.1,0.00328,0.00383
astar,L1,E1,15.0,57,"[18, 12, 6]","[21, 8, 7]",1,0.00127,2.0944,3.2,5556.03,0.00274,0.00341
astar,L1,E1,15.0,58,"[21, 8, 3]","[2, 13, 7]",1,0.00099,3.6652,5.6,11835.28,0.00117,0.00257
astar,L1,E1,15.0,59,"[19, 4, 23]","[22, 13, 7]",1,0.00235,5.236,8.0,26965.61,0.0,0.00199
astar,L1,E1,15.0,60,"[19, 11, 7]","[20, 8, 6]",1,0.00045,1.309,2.0,6604.27,0.00256,0.00325
astar,L1,E1,15.0,61,"[5, 7, 1]","[19, 6, 2]",1,0.0026,4.1888,6.4,6599.34,0.00018,0.00065
astar,L1,E1,15.0,62,"[16, 4, 23]","[2, 8, 4]",1,0.00666,6.0214,9.2,16965.93,0.0,0.00255
astar,L1,E1,15.0,63,"[20, 9, 7]","[16, 5, 0]",1,0.00071,3.927,6.0,15123.99,0.0,0.00232
astar,L1,E1,15.0,64,"[7, 12, 5]","[20, 13, 6]",1,0.00082,3.4034,5.2,7080.66,0.00186,0.0026
astar,L1,E1,15.0,65,"[12, 7, 6]","[14, 10, 5]",1,0.00095,1.5708,2.4,5833.6,0.00331,0.00392
astar,L1,E1,15.0,66,"[12, 13, 6]","[15, 10, 3]",1,0.00093,2.3562,3.6,6956.4,0.00194,0.00369
astar,L1,E1,15.0,67,"[19, 12, 6]","[9, 13, 6]",1,0.00073,2.8798,4.4,4988.05,0.00194,0.00271
astar,L1,E1,15.0,68,"[5, 13, 7]","[10, 6, 2]",1,0.0022,4.4506,6.8,17533.39,0.00063,0.00231
astar,L1,E1,15.0,69,"[15, 11, 6]","[6, 8, 5]",1,0.00075,3.4034,5.2,6011.86,0.00331,0.00348
astar,L1,E1,15.0,70,"[5, 6, 23]","[4, 10, 3]",1,0.00067,2.3562,3.6,6009.39,0.0,0.0014
astar,L1,E1,15.0,71,"[6, 6, 1]","[14, 9, 4]",1,0.00199,3.6652,5.6,9504.84,0.00018,0.00253
astar,L1,E1,15.0,72,"[23, 13, 7]","[4, 10, 4]",1,0.00055,2.8798,4.4,13734.0,0.00117,0.00269
astar,L1,E1,15.0,73,"[14, 12, 6]","[11, 13, 6]",1,0.00028,1.0472,1.6,4992.97,0.00194,0.00265
astar,L1,E1,15.0,74,"[6, 12, 5]","[3, 7, 3]",1,0.00049,2.618,4.0,5640.76,0.00218,0.00352
astar,L1,E1,15.0,75,"[8, 7, 2]","[8, 9, 6]",1,0.00059,1.5708,2.4,9752.0,0.00133,0.0031
astar,L1,E1,15.0,76,"[15, 9, 2]","[8, 4, 23]",1,0.00074,3.927,6.0,14269.11,0.0,0.00074
astar,L1,E1,15.0,77,"[19, 9, 5]","[16, 11, 4]",1,0.00048,1.5708,2.4,5377.76,0.00397,0.00412
astar,L1,E1,15.0,78,"[16, 8, 4]","[5, 7, 3]",1,0.00075,3.4034,5.2,6599.34,0.00218,0.00346
astar,L1,E1,15.0,79,"[3, 5, 23]","[5, 10, 3]",1,0.00074,2.8798,4.4,19835.88,0.0,0.00178
astar,L1,E1,15.0,80,"[21, 9, 7]","[16, 9, 3]",1,0.00053,2.3562,3.6,3937.34,0.00313,0.00348
astar,L1,E1,15.0,81,"[5, 9, 2]","[15, 9, 7]",1,0.00218,3.927,6.0,10040.79,0.0023,0.00353
astar,L1,E1,15.0,82,"[11, 11, 6]","[7, 7, 2]",1,0.00077,3.1416,4.8,4958.69,0.00133,0.00325
astar,L1,E1,15.0,83,"[12, 9, 2]","[18, 6, 0]",1,0.00092,2.8798,4.4,14494.82,0.0,0.00075
astar,L1,E1,15.0,84,"[21, 8, 2]","[7, 11, 7]",1,0.0034,5.7596,8.8,24395.73,0.00113,0.00266
astar,L1,E1,15.0,85,"[14, 7, 5]","[15, 8, 2]",1,0.00043,1.309,2.0,9352.95,0.00188,0.00279
astar,L1,E1,15.0,86,"[3, 7, 3]","[14, 13, 7]",1,0.00909,5.4978,8.4,23540.32,0.00116,0.0029
astar,L1,E1,15.0,87,"[7, 9, 5]","[12, 4, 23]",1,0.00467,4.1888,6.4,13357.97,0.0,0.00135
astar,L1,E1,15.0,88,"[18, 7, 2]","[18, 7, 1]",1,0.0001,0.2618,0.4,4759.02,0.00054,0.00094
astar,L1,E1,15.0,89,"[15, 4, 23]","[11, 5, 0]",1,0.00025,1.5708,2.4,6599.34,0.0,0.00074
astar,L1,E1,15.0,90,"[16, 6, 0]","[17, 8, 6]",1,0.00097,2.3562,3.6,8671.4,0.0,0.00214
astar,L1,E1,15.0,91,"[5, 8, 4]","[21, 9, 6]",1,0.0063,4.9742,7.6,14165.4,0.00186,0.00311
astar,L1,E1,15.0,92,"[17, 5, 0]","[20, 7, 4]",1,0.00175,2.3562,3.6,8976.92,0.0,0.00161
astar,L1,E1,15.0,93,"[15, 6, 1]","[5, 10, 4]",1,0.00126,4.4506,6.8,7076.26,0.00015,0.00108
astar,L1,E1,15.0,94,"[13, 6, 0]","[3, 7, 7]",1,0.00114,4.7124,7.2,8562.77,0.0,0.00152
astar,L1,E1,15.0,95,"[6, 6, 3]","[18, 9, 5]",1,0.00411,4.4506,6.8,11621.89,0.00137,0.00359
astar,L1,E1,15.0,96,"[17, 12, 7]","[13, 13, 6]",1,0.00036,1.5708,2.4,6599.34,0.00189,0.00209
astar,L1,E1,15.0,97,"[19, 7, 5]","[4, 9, 2]",1,0.0059,5.236,8.0,8783.55,0.00132,0.00205
astar,L1,E1,15.0,98,"[14, 14, 7]","[19, 10, 5]",1,0.00137,2.8798,4.4,8600.36,0.00042,0.00312
astar,L1,E1,15.0,99,"[21, 10, 4]","[20, 7, 0]",1,0.00064,2.0944,3.2,6011.86,0.0,0.0026
astar,L1,E1,15.0,100,"[6, 7, 4]","[20, 7, 7]",1,0.00327,4.4506,6.8,12969.67,0.00291,0.00319
astar,L2,E1,15.0,1,"[8, 13, 7]","[4, 6, 0]",1,0.00423,2.9245,2.8,12242.78,0.0,0.00244
astar,L2,E1,15.0,2,"[15, 7, 6]","[17, 6, 1]",1,0.00213,1.6091,2.0,10062.34,0.00018,0.00203
astar,L2,E1,15.0,3,"[22, 9, 6]","[20, 6, 0]",1,0.00478,2.0625,2.4,12264.01,0.0,0.00209
astar,L2,E1,15.0,4,"[9, 8, 2]","[14, 9, 6]",1,0.00379,1.826,2.0,10333.04,0.00187,0.00352
astar,L2,E1,15.0,5,"[16, 9, 5]","[18, 13, 7]",1,0.00292,1.4305,1.6,4621.87,0.00124,0.00307
astar,L2,E1,15.0,6,"[12, 11, 7]","[9, 9, 5]",1,0.00125,1.1687,1.2,6422.45,0.00256,0.00376
astar,L2,E1,15.0,7,"[18, 8, 1]","[14, 11, 5]",1,0.00083,1.7306,1.6,11447.14,0.00086,0.00307
astar,L2,E1,15.0,8,"[8, 8, 3]","[9, 8, 6]",1,0.00186,0.8938,1.2,5987.32,0.00284,0.00358
astar,L2,E1,15.0,9,"[8, 8, 5]","[12, 8, 4]",1,0.00202,1.1556,1.6,4485.18,0.00351,0.00377
astar,L2,E1,15.0,10,"[19, 7, 2]","[10, 6, 1]",1,0.00547,2.5478,3.6,6054.38,0.00012,0.00114
astar,L2,E1,15.0,11,"[5, 14, 7]","[12, 5, 0]",1,0.01177,3.6977,3.6,9823.31,0.0,0.00197
astar,L2,E1,15.0,12,"[13, 7, 5]","[7, 6, 3]",1,0.00226,1.8709,2.4,8431.43,0.00122,0.00271
astar,L2,E1,15.0,13,"[13, 6, 23]","[21, 10, 7]",1,0.00631,3.2948,3.2,13157.43,0.0,0.00227
astar,L2,E1,15.0,14,"[3, 10, 7]","[12, 11, 4]",1,0.00913,2.7647,3.6,9956.06,0.0029,0.00367
astar,L2,E1,15.0,15,"[6, 10, 4]","[11, 9, 7]",1,0.00376,1.7175,2.0,13983.62,0.0032,0.00396
astar,L2,E1,15.0,16,"[4, 10, 7]","[13, 8, 1]",1,0.01619,3.1733,3.6,6317.37,0.00077,0.00281
astar,L2,E1,15.0,17,"[5, 8, 7]","[17, 9, 5]",1,0.0139,3.4417,4.8,8520.56,0.00312,0.0036
astar,L2,E1,15.0,18,"[10, 11, 4]","[14, 9, 5]",1,0.00255,1.3473,1.6,7767.87,0.00398,0.00415
astar,L2,E1,15.0,19,"[14, 7, 0]","[20, 7, 0]",1,0.00115,1.5708,2.4,2915.99,0.0,0.0
astar,L2,E1,15.0,20,"[4, 11, 5]","[16, 10, 5]",1,0.00577,3.25,4.8,4529.75,0.00385,0.00394
astar,L2,E1,15.0,21,"[11, 11, 5]","[12, 13, 6]",1,0.00065,0.7152,0.8,8568.65,0.00194,0.00286
astar,L2,E1,15.0,22,"[3, 10, 3]","[21, 14, 7]",1,0.00277,2.516,2.8,14326.31,0.0003,0.00202
astar,L2,E1,15.0,23,"[13, 6, 2]","[21, 10, 4]",1,0.01471,2.6946,3.2,18381.62,0.00069,0.00234
astar,L2,E1,15.0,24,"[21, 7, 7]","[10, 5, 0]",1,0.02785,3.8053,4.4,13101.74,0.0,0.00221
astar,L2,E1,15.0,25,"[21, 10, 5]","[10, 8, 2]",1,0.02303,3.3715,4.4,13652.48,0.00178,0.00309
astar,L2,E1,15.0,26,"[7, 12, 7]","[4, 8, 5]",1,0.00222,1.5389,1.6,10321.56,0.00196,0.00364
astar,L2,E1,15.0,27,"[9, 6, 2]","[13, 11, 5]",1,0.00471,1.9924,2.0,13441.55,0.00069,0.0029
astar,L2,E1,15.0,28,"[20, 7, 2]","[19, 8, 4]",1,0.00081,0.7152,0.8,8568.65,0.00133,0.00262
astar,L2,E1,15.0,29,"[9, 8, 7]","[19, 14, 7]",1,0.00961,3.2686,4.0,11894.42,0.00034,0.002
astar,L2,E1,15.0,30,"[7, 5, 1]","[15, 8, 5]",1,0.00907,2.7778,3.2,13766.14,2e-05,0.00181
astar,L2,E1,15.0,31,"[5, 5, 23]","[12, 8, 5]",1,0.0071,2.7329,2.8,17310.88,0.0,0.00167
astar,L2,E1,15.0,32,"[9, 7, 6]","[19, 7, 3]",1,0.00594,2.9433,4.0,8478.46,0.0021,0.003
astar,L2,E1,15.0,33,"[13, 7, 4]","[20, 12, 6]",1,0.00957,2.5412,2.8,17131.77,0.00275,0.0037
astar,L2,E1,15.0,34,"[9, 6, 2]","[10, 5, 0]",1,0.0005,0.7152,0.8,8568.65,0.0,0.00028
astar,L2,E1,15.0,35,"[20, 7, 0]","[3, 4, 23]",1,0.03594,4.8591,6.8,6907.32,0.0,8e-05
astar,L2,E1,15.0,36,"[14, 8, 7]","[20, 6, 2]",1,0.00454,2.2794,2.4,8788.8,0.00057,0.00257
astar,L2,E1,15.0,37,"[13, 10, 5]","[15, 7, 0]",1,0.00403,1.8007,2.0,8533.3,0.0,0.00238
astar,L2,E1,15.0,38,"[17, 7, 5]","[4, 10, 7]",1,0.04237,3.8951,5.2,9327.32,0.00298,0.00341
astar,L2,E1,15.0,39,"[15, 6, 23]","[6, 14, 7]",1,0.0035,3.8894,3.6,14512.71,0.0,0.00202
astar,L2,E1,15.0,40,"[16, 11, 7]","[6, 10, 6]",1,0.00538,2.8096,4.0,6143.51,0.00243,0.00286
astar,L2,E1,15.0,41,"[4, 12, 7]","[11, 10, 7]",1,0.00273,2.0495,2.8,3853.13,0.0019,0.00241
astar,L2,E1,15.0,42,"[20, 9, 2]","[17, 5, 1]",1,0.0015,1.4557,1.6,11592.63,2e-05,0.00127
astar,L2,E1,15.0,43,"[8, 6, 0]","[5, 9, 3]",1,0.00078,1.3603,1.2,8777.53,0.0,0.00136
astar,L2,E1,15.0,44,"[7, 11, 7]","[10, 5, 0]",1,0.00751,2.7329,2.8,9429.19,0.0,0.00246
astar,L2,E1,15.0,45,"[14, 7, 2]","[15, 9, 6]",1,0.0029,1.3473,1.6,12006.36,0.00133,0.00321
astar,L2,E1,15.0,46,"[4, 12, 6]","[10, 7, 6]",1,0.00271,2.113,2.4,4842.55,0.00274,0.00352
astar,L2,E1,15.0,47,"[9, 5, 23]","[21, 5, 0]",1,0.00509,3.25,4.8,4485.18,0.0,0.00047
astar,L2,E1,15.0,48,"[5, 11, 5]","[12, 8, 7]",1,0.00906,2.3243,2.8,13143.42,0.00312,0.00382
astar,L2,E1,15.0,49,"[13, 7, 7]","[18, 11, 4]",1,0.00382,1.9924,2.0,10692.87,0.00298,0.00392
astar,L2,E1,15.0,50,"[4, 9, 7]","[21, 5, 0]",1,0.04008,4.7122,5.2,12233.35,0.0,0.00226
astar,L2,E1,15.0,51,"[15, 9, 4]","[6, 6, 23]",1,0.01476,3.148,3.6,11611.93,0.0,0.00179
astar,L2,E1,15.0,52,"[21, 5, 1]","[16, 7, 0]",1,0.00285,1.6091,2.0,9024.27,0.0,0.00013
astar,L2,E1,15.0,53,"[14, 10, 3]","[11, 8, 4]",1,0.00103,1.0855,1.2,13064.15,0.00325,0.00341
astar,L2,E1,15.0,54,"[17, 6, 2]","[19, 7, 2]",1,0.00055,0.632,0.8,5554.2,0.00069,0.00116
astar,L2,E1,15.0,55,"[10, 8, 4]","[3, 12, 7]",1,0.01002,2.516,2.8,18748.84,0.00197,0.00375
astar,L2,E1,15.0,56,"[10, 12, 5]","[9, 8, 6]",1,0.00199,1.2388,1.6,6054.38,0.00334,0.00377
astar,L2,E1,15.0,57,"[18, 12, 6]","[21, 8, 7]",1,0.00273,1.4557,1.6,11592.63,0.00274,0.00349
astar,L2,E1,15.0,58,"[21, 8, 3]","[2, 13, 7]",1,0.00267,2.516,2.8,8790.84,0.00124,0.00288
astar,L2,E1,15.0,59,"[19, 4, 23]","[22, 13, 7]",1,0.01184,3.4734,3.6,13608.44,0.0,0.00206
astar,L2,E1,15.0,60,"[19, 11, 7]","[20, 8, 6]",1,0.00098,0.977,1.2,9048.8,0.00256,0.00312
astar,L2,E1,15.0,61,"[5, 7, 1]","[19, 6, 2]",1,0.02272,3.8568,5.6,6054.38,0.00051,0.00056
astar,L2,E1,15.0,62,"[16, 4, 23]","[2, 8, 4]",1,0.05635,4.5402,5.6,24678.01,0.0,0.00126
astar,L2,E1,15.0,63,"[20, 9, 7]","[16, 5, 0]",1,0.00866,2.5992,2.8,17388.64,0.0,0.00211
astar,L2,E1,15.0,64,"[7, 12, 5]","[20, 13, 6]",1,0.00366,3.0714,4.4,6143.51,0.00179,0.00264
astar,L2,E1,15.0,65,"[12, 7, 6]","[14, 10, 5]",1,0.0014,1.0855,1.2,6198.78,0.00336,0.0039
astar,L2,E1,15.0,66,"[12, 13, 6]","[15, 10, 3]",1,0.00059,1.3603,1.2,8777.53,0.00194,0.00335
astar,L2,E1,15.0,67,"[19, 12, 6]","[9, 13, 6]",1,0.00371,2.7264,4.0,5977.47,0.00194,0.00271
astar,L2,E1,15.0,68,"[5, 13, 7]","[10, 6, 2]",1,0.01066,2.7908,2.8,9833.17,0.00069,0.00291
astar,L2,E1,15.0,69,"[15, 11, 6]","[6, 8, 5]",1,0.01275,2.7647,3.6,6904.86,0.00331,0.00367
astar,L2,E1,15.0,70,"[5, 6, 23]","[4, 10, 3]",1,0.00099,1.5642,1.6,7401.17,0.0,0.00125
astar,L2,E1,15.0,71,"[6, 6, 1]","[14, 9, 4]",1,0.01115,2.6693,3.2,9366.11,0.00012,0.00197
astar,L2,E1,15.0,72,"[23, 13, 7]","[4, 10, 4]",1,0.00126,1.8839,2.0,6863.18,0.00111,0.00234
astar,L2,E1,15.0,73,"[14, 12, 6]","[11, 13, 6]",1,0.0007,0.8938,1.2,5987.32,0.00194,0.00261
astar,L2,E1,15.0,74,"[6, 12, 5]","[3, 7, 3]",1,0.00375,1.8007,2.0,10848.96,0.00218,0.00353
astar,L2,E1,15.0,75,"[8, 7, 2]","[8, 9, 6]",1,0.00223,1.2641,1.6,8944.89,0.00133,0.00321
astar,L2,E1,15.0,76,"[15, 9, 2]","[8, 4, 23]",1,0.00804,2.6244,2.8,11683.91,0.0,0.00068
astar,L2,E1,15.0,77,"[19, 9, 5]","[16, 11, 4]",1,0.00137,1.0855,1.2,6198.78,0.00398,0.00412
astar,L2,E1,15.0,78,"[16, 8, 4]","[5, 7, 3]",1,0.00889,3.0714,4.4,9038.95,0.00218,0.00351
astar,L2,E1,15.0,79,"[3, 5, 23]","[5, 10, 3]",1,0.00252,1.9092,2.0,10375.14,0.0,0.00154
astar,L2,E1,15.0,80,"[21, 9, 7]","[16, 9, 3]",1,0.00166,1.7428,2.0,4842.55,0.0032,0.00372
astar,L2,E1,15.0,81,"[5, 9, 2]","[15, 9, 7]",1,0.01241,3.1602,4.0,9470.77,0.0023,0.00381
astar,L2,E1,15.0,82,"[11, 11, 6]","[7, 7, 2]",1,0.00131,1.8138,1.6,8747.96,0.00133,0.00334
astar,L2,E1,15.0,83,"[12, 9, 2]","[18, 6, 0]",1,0.00429,2.0625,2.4,15416.66,0.0,0.00104
astar,L2,E1,15.0,84,"[21, 8, 2]","[7, 11, 7]",1,0.02005,4.1251,4.8,10717.2,0.00176,0.00277
astar,L2,E1,15.0,85,"[14, 7, 5]","[15, 8, 2]",1,0.00101,0.977,1.2,9048.8,0.00187,0.00257
astar,L2,E1,15.0,86,"[3, 7, 3]","[14, 13, 7]",1,0.02932,3.8633,4.4,17115.15,0.00124,0.00313
astar,L2,E1,15.0,87,"[7, 9, 5]","[12, 4, 23]",1,0.00362,2.529,2.4,14512.71,0.0,0.00153
astar,L2,E1,15.0,88,"[18, 7, 2]","[18, 7, 1]",1,0.00035,0.2618,0.4,4759.02,0.00054,0.00094
astar,L2,E1,15.0,89,"[15, 4, 23]","[11, 5, 0]",1,0.00062,1.2388,1.6,9038.95,0.0,0.00075
astar,L2,E1,15.0,90,"[16, 6, 0]","[17, 8, 6]",1,0.00379,1.8709,2.4,10561.11,0.0,0.00185
astar,L2,E1,15.0,91,"[5, 8, 4]","[21, 9, 6]",1,0.02566,3.6969,4.4,12863.39,0.0018,0.00316
astar,L2,E1,15.0,92,"[17, 5, 0]","[20, 7, 4]",1,0.00172,1.5389,1.6,14560.05,0.0,0.00091
astar,L2,E1,15.0,93,"[15, 6, 1]","[5, 10, 4]",1,0.01943,3.3014,4.0,15219.21,0.00012,0.00176
astar,L2,E1,15.0,94,"[13, 6, 0]","[3, 7, 7]",1,0.01018,3.4603,4.0,11944.34,0.0,0.00233
astar,L2,E1,15.0,95,"[6, 6, 3]","[18, 9, 5]",1,0.021,3.6333,4.8,11503.19,0.00123,0.00216
astar,L2,E1,15.0,96,"[17, 12, 7]","[13, 13, 6]",1,0.00127,1.2388,1.6,9038.95,0.00194,0.00196
astar,L2,E1,15.0,97,"[19, 7, 5]","[4, 9, 2]",1,0.0485,4.342,4.8,15063.15,0.00172,0.00337
astar,L2,E1,15.0,98,"[14, 14, 7]","[19, 10, 5]",1,0.00267,1.9092,2.0,8744.23,0.00042,0.00274
astar,L2,E1,15.0,99,"[21, 10, 4]","[20, 7, 0]",1,0.0013,1.4557,1.6,6416.68,0.0,0.00198
astar,L2,E1,15.0,100,"[6, 7, 4]","[20, 7, 7]",1,0.03268,3.9905,5.6,6917.08,0.00286,0.00307
rrt,L1,E1,15.0,1,"[8, 13, 7]","[4, 6, 0]",1,0.01498,3.538,14.4,2627.34,0.0,0.00233
rrt,L1,E1,15.0,2,"[15, 7, 6]","[17, 6, 1]",1,0.02052,2.9353,12.0,2548.17,0.00018,0.00247
rrt,L1,E1,15.0,3,"[22, 9, 6]","[20, 6, 0]",1,0.00895,2.3156,8.8,2581.47,0.0,0.00237
rrt,L1,E1,15.0,4,"[9, 8, 2]","[14, 9, 6]",1,0.00799,2.1356,9.2,1697.87,0.00187,0.00342
rrt,L1,E1,15.0,5,"[16, 9, 5]","[18, 13, 7]",1,0.01259,1.5163,6.0,1733.26,0.00123,0.00307
rrt,L1,E1,15.0,6,"[12, 11, 7]","[9, 9, 5]",1,0.00352,1.4243,5.6,1850.19,0.00256,0.00378
rrt,L1,E1,15.0,7,"[18, 8, 1]","[14, 11, 5]",1,0.0057,2.0597,8.8,1564.28,0.00086,0.00302
rrt,L1,E1,15.0,8,"[8, 8, 3]","[9, 8, 6]",1,0.00542,1.0865,4.0,1459.6,0.00282,0.00351
rrt,L1,E1,15.0,9,"[8, 8, 5]","[12, 8, 4]",1,0.00911,1.2156,4.0,962.62,0.00356,0.00372
rrt,L1,E1,15.0,10,"[19, 7, 2]","[10, 6, 1]",1,0.03207,3.1466,11.6,1805.64,0.0,0.00028
rrt,L1,E1,15.0,11,"[5, 14, 7]","[12, 5, 0]",1,0.02386,5.4367,21.6,5493.77,0.0,0.00193
rrt,L1,E1,15.0,12,"[13, 7, 5]","[7, 6, 3]",1,0.02899,2.7165,10.8,2369.32,0.00114,0.00285
rrt,L1,E1,15.0,13,"[13, 6, 23]","[21, 10, 7]",1,0.55401,5.5176,20.4,5295.28,0.0,0.00147
rrt,L1,E1,15.0,14,"[3, 10, 7]","[12, 11, 4]",1,0.07229,3.208,11.2,2835.77,0.00298,0.00358
rrt,L1,E1,15.0,15,"[6, 10, 4]","[11, 9, 7]",1,0.00906,1.8854,7.2,1276.5,0.00311,0.0038
rrt,L1,E1,15.0,16,"[4, 10, 7]","[13, 8, 1]",1,0.02658,3.8158,15.2,2974.83,0.00086,0.00255
rrt,L1,E1,15.0,17,"[5, 8, 7]","[17, 9, 5]",1,0.03975,4.4713,15.2,2462.51,0.0032,0.00403
rrt,L1,E1,15.0,18,"[10, 11, 4]","[14, 9, 5]",1,0.00776,1.5755,6.4,1090.34,0.0037,0.00397
rrt,L1,E1,15.0,19,"[14, 7, 0]","[20, 7, 0]",1,0.0215,1.9071,6.4,2037.49,0.0,4e-05
rrt,L1,E1,15.0,20,"[4, 11, 5]","[16, 10, 5]",1,0.06975,3.8909,14.0,3345.06,0.00364,0.004
rrt,L1,E1,15.0,21,"[11, 11, 5]","[12, 13, 6]",1,0.00307,0.9723,4.0,1469.08,0.00194,0.00321
rrt,L1,E1,15.0,22,"[3, 10, 3]","[21, 14, 7]",1,0.02486,4.338,16.4,4596.88,0.00042,0.00245
rrt,L1,E1,15.0,23,"[13, 6, 2]","[21, 10, 4]",1,0.0194,3.2803,12.0,2857.42,0.00051,0.00316
rrt,L1,E1,15.0,24,"[21, 7, 7]","[10, 5, 0]",1,0.08621,4.6254,18.0,3920.51,0.0,0.00201
rrt,L1,E1,15.0,25,"[21, 10, 5]","[10, 8, 2]",1,0.02205,3.7377,13.6,3401.86,0.00171,0.00298
rrt,L1,E1,15.0,26,"[7, 12, 7]","[4, 8, 5]",1,0.01353,2.7639,11.2,3288.1,0.00196,0.00357
rrt,L1,E1,15.0,27,"[9, 6, 2]","[13, 11, 5]",1,0.01178,2.6303,10.4,2623.16,0.00069,0.00321
rrt,L1,E1,15.0,28,"[20, 7, 2]","[19, 8, 4]",1,0.00281,0.7356,2.8,853.12,0.00133,0.00237
rrt,L1,E1,15.0,29,"[9, 8, 7]","[19, 14, 7]",1,0.0238,3.9836,14.4,2742.73,0.00015,0.00205
rrt,L1,E1,15.0,30,"[7, 5, 1]","[15, 8, 5]",1,0.01948,3.5151,12.8,3331.85,0.0,0.00277
rrt,L1,E1,15.0,31,"[5, 5, 23]","[12, 8, 5]",1,0.02622,3.2125,12.8,2377.87,0.0,0.00169
rrt,L1,E1,15.0,32,"[9, 7, 6]","[19, 7, 3]",1,0.02613,3.2255,10.4,2618.62,0.00218,0.00274
rrt,L1,E1,15.0,33,"[13, 7, 4]","[20, 12, 6]",1,0.01077,2.8956,12.0,2221.46,0.00274,0.00361
rrt,L1,E1,15.0,34,"[9, 6, 2]","[10, 5, 0]",1,0.00211,0.7835,3.2,1076.87,0.0,0.0002
rrt,L1,E1,15.0,35,"[20, 7, 0]","[3, 4, 23]",1,1.28266,8.4071,30.0,8295.17,0.0,0.00181
rrt,L1,E1,15.0,36,"[14, 8, 7]","[20, 6, 2]",1,0.01774,2.8507,11.2,3070.81,0.00045,0.00252
rrt,L1,E1,15.0,37,"[13, 10, 5]","[15, 7, 0]",1,0.02012,2.1594,8.0,1910.37,0.0,0.0026
rrt,L1,E1,15.0,38,"[17, 7, 5]","[4, 10, 7]",1,0.33924,5.6383,21.6,4533.54,0.00283,0.00356
rrt,L1,E1,15.0,39,"[15, 6, 23]","[6, 14, 7]",1,0.02584,4.9587,20.0,4701.8,0.0,0.00192
rrt,L1,E1,15.0,40,"[16, 11, 7]","[6, 10, 6]",1,0.02322,3.1129,10.8,1577.62,0.00256,0.00356
rrt,L1,E1,15.0,41,"[4, 12, 7]","[11, 10, 7]",1,0.01546,3.231,12.4,4041.12,0.00196,0.0031
rrt,L1,E1,15.0,42,"[20, 9, 2]","[17, 5, 1]",1,0.0096,2.2153,8.8,1590.08,0.0,0.00181
rrt,L1,E1,15.0,43,"[8, 6, 0]","[5, 9, 3]",1,0.01962,1.9384,7.6,2177.63,0.0,0.00179
rrt,L1,E1,15.0,44,"[7, 11, 7]","[10, 5, 0]",1,0.01461,3.2931,13.2,2821.93,0.0,0.00251
rrt,L1,E1,15.0,45,"[14, 7, 2]","[15, 9, 6]",1,0.00772,1.6177,6.4,1831.07,0.00133,0.00309
rrt,L1,E1,15.0,46,"[4, 12, 6]","[10, 7, 6]",1,0.00996,2.8182,11.6,2114.85,0.00274,0.00381
rrt,L1,E1,15.0,47,"[9, 5, 23]","[21, 5, 0]",1,1.01668,4.432,15.6,3202.0,0.0,0.0002
rrt,L1,E1,15.0,48,"[5, 11, 5]","[12, 8, 7]",1,0.01836,2.633,9.6,2192.19,0.00292,0.00351
rrt,L1,E1,15.0,49,"[13, 7, 7]","[18, 11, 4]",1,0.02571,3.0406,12.0,2495.48,0.00297,0.00379
rrt,L1,E1,15.0,50,"[4, 9, 7]","[21, 5, 0]",1,0.14856,6.4937,23.6,5321.47,0.0,0.00157
rrt,L1,E1,15.0,51,"[15, 9, 4]","[6, 6, 23]",1,0.01454,3.448,13.6,2850.83,0.0,0.00145
rrt,L1,E1,15.0,52,"[21, 5, 1]","[16, 7, 0]",1,0.00294,1.8022,6.8,1433.04,0.0,0.0001
rrt,L1,E1,15.0,53,"[14, 10, 3]","[11, 8, 4]",1,0.01599,1.8438,6.4,1921.53,0.00293,0.00355
rrt,L1,E1,15.0,54,"[17, 6, 2]","[19, 7, 2]",1,0.01281,0.8167,3.6,446.19,0.00069,0.00148
rrt,L1,E1,15.0,55,"[10, 8, 4]","[3, 12, 7]",1,0.01499,3.0423,12.0,2901.22,0.0019,0.00312
rrt,L1,E1,15.0,56,"[10, 12, 5]","[9, 8, 6]",1,0.00742,1.3159,4.8,1182.29,0.00318,0.00368
rrt,L1,E1,15.0,57,"[18, 12, 6]","[21, 8, 7]",1,0.00659,2.0474,8.0,2145.71,0.00189,0.00256
rrt,L1,E1,15.0,58,"[21, 8, 3]","[2, 13, 7]",1,0.02325,4.2078,15.6,4964.89,0.00104,0.00259
rrt,L1,E1,15.0,59,"[19, 4, 23]","[22, 13, 7]",1,0.02971,4.4198,17.6,4546.91,0.0,0.0019
rrt,L1,E1,15.0,60,"[19, 11, 7]","[20, 8, 6]",1,0.00311,1.1477,4.4,1565.28,0.00247,0.00328
rrt,L1,E1,15.0,61,"[5, 7, 1]","[19, 6, 2]",1,0.63601,7.3829,28.8,4802.04,0.00054,0.00283
rrt,L1,E1,15.0,62,"[16, 4, 23]","[2, 8, 4]",1,2.0745,7.0654,28.0,4903.15,0.0,0.0026
rrt,L1,E1,15.0,63,"[20, 9, 7]","[16, 5, 0]",1,0.02037,3.4834,13.6,4967.76,0.0,0.00227
rrt,L1,E1,15.0,64,"[7, 12, 5]","[20, 13, 6]",1,0.0356,4.1579,15.2,2490.64,0.00063,0.00154
rrt,L1,E1,15.0,65,"[12, 7, 6]","[14, 10, 5]",1,0.00325,1.5791,6.4,2378.0,0.00336,0.00378
rrt,L1,E1,15.0,66,"[12, 13, 6]","[15, 10, 3]",1,0.00853,1.8133,7.2,1986.98,0.00194,0.00353
rrt,L1,E1,15.0,67,"[19, 12, 6]","[9, 13, 6]",1,0.02511,3.2897,11.2,2880.5,0.0012,0.00176
rrt,L1,E1,15.0,68,"[5, 13, 7]","[10, 6, 2]",1,0.02161,3.7615,14.4,3821.61,0.00069,0.00261
rrt,L1,E1,15.0,69,"[15, 11, 6]","[6, 8, 5]",1,0.01364,3.7065,14.8,2466.07,0.00307,0.0036
rrt,L1,E1,15.0,70,"[5, 6, 23]","[4, 10, 3]",1,0.00968,1.6933,6.8,1356.01,0.0,0.00126
rrt,L1,E1,15.0,71,"[6, 6, 1]","[14, 9, 4]",1,0.02617,3.6986,12.4,2115.62,0.00018,0.00298
rrt,L1,E1,15.0,72,"[23, 13, 7]","[4, 10, 4]",1,0.01386,2.3581,9.2,1777.49,0.00123,0.00291
rrt,L1,E1,15.0,73,"[14, 12, 6]","[11, 13, 6]",1,0.01064,1.3359,4.4,992.22,0.00194,0.00222
rrt,L1,E1,15.0,74,"[6, 12, 5]","[3, 7, 3]",1,0.02455,3.3065,12.8,2396.82,0.00218,0.00302
rrt,L1,E1,15.0,75,"[8, 7, 2]","[8, 9, 6]",1,0.01268,2.5545,9.2,2876.12,0.00133,0.00324
rrt,L1,E1,15.0,76,"[15, 9, 2]","[8, 4, 23]",1,0.01579,3.1957,13.2,3103.64,0.0,0.00083
rrt,L1,E1,15.0,77,"[19, 9, 5]","[16, 11, 4]",1,0.00694,1.2153,5.2,1042.74,0.00395,0.00406
rrt,L1,E1,15.0,78,"[16, 8, 4]","[5, 7, 3]",1,0.0279,3.7957,12.8,2855.78,0.0014,0.00207
rrt,L1,E1,15.0,79,"[3, 5, 23]","[5, 10, 3]",1,0.0077,2.3596,9.6,2410.46,0.0,0.00112
rrt,L1,E1,15.0,80,"[21, 9, 7]","[16, 9, 3]",1,0.00905,2.1746,8.4,2582.36,0.00317,0.00367
rrt,L1,E1,15.0,81,"[5, 9, 2]","[15, 9, 7]",1,0.03088,3.8068,14.8,3124.8,0.0023,0.00359
rrt,L1,E1,15.0,82,"[11, 11, 6]","[7, 7, 2]",1,0.01022,2.5643,10.0,2616.78,0.00105,0.00303
rrt,L1,E1,15.0,83,"[12, 9, 2]","[18, 6, 0]",1,0.01024,2.4118,9.2,3096.47,0.0,0.00066
rrt,L1,E1,15.0,84,"[21, 8, 2]","[7, 11, 7]",1,0.03155,5.2307,20.0,4500.11,0.00187,0.00304
rrt,L1,E1,15.0,85,"[14, 7, 5]","[15, 8, 2]",1,0.00606,1.315,5.2,1600.87,0.00187,0.00312
rrt,L1,E1,15.0,86,"[3, 7, 3]","[14, 13, 7]",1,0.02281,4.4627,18.0,3373.69,0.00123,0.00303
rrt,L1,E1,15.0,87,"[7, 9, 5]","[12, 4, 23]",1,0.03344,3.0494,12.4,2574.15,0.0,0.00169
rrt,L1,E1,15.0,88,"[18, 7, 2]","[18, 7, 1]",1,0.00039,0.2618,0.8,685.6,0.00054,0.0009
rrt,L1,E1,15.0,89,"[15, 4, 23]","[11, 5, 0]",1,0.01101,1.4189,5.6,1483.85,0.0,0.0003
rrt,L1,E1,15.0,90,"[16, 6, 0]","[17, 8, 6]",1,0.03197,2.1527,7.2,1455.15,0.0,0.00194
rrt,L1,E1,15.0,91,"[5, 8, 4]","[21, 9, 6]",1,1.24981,4.9572,18.4,5972.84,0.00127,0.00306
rrt,L1,E1,15.0,92,"[17, 5, 0]","[20, 7, 4]",1,0.00889,2.0262,8.4,2073.7,0.0,0.00117
rrt,L1,E1,15.0,93,"[15, 6, 1]","[5, 10, 4]",1,0.03093,3.9099,14.4,3455.21,0.00016,0.00253
rrt,L1,E1,15.0,94,"[13, 6, 0]","[3, 7, 7]",1,0.01688,4.3911,17.6,3420.04,0.0,0.00244
rrt,L1,E1,15.0,95,"[6, 6, 3]","[18, 9, 5]",1,0.12927,5.9975,22.4,3959.66,0.00127,0.00315
rrt,L1,E1,15.0,96,"[17, 12, 7]","[13, 13, 6]",1,0.00626,1.2947,4.4,1693.78,0.00192,0.00204
rrt,L1,E1,15.0,97,"[19, 7, 5]","[4, 9, 2]",1,0.44806,6.218,23.2,4820.35,0.00147,0.00285
rrt,L1,E1,15.0,98,"[14, 14, 7]","[19, 10, 5]",1,0.00576,2.6027,10.4,2083.96,0.00042,0.00259
rrt,L1,E1,15.0,99,"[21, 10, 4]","[20, 7, 0]",1,0.00701,1.6669,6.8,2339.73,0.0,0.00206
rrt,L1,E1,15.0,100,"[6, 7, 4]","[20, 7, 7]",1,0.20741,6.7394,26.0,5936.01,0.00091,0.00288
rrt,L2,E1,15.0,1,"[8, 13, 7]","[4, 6, 0]",1,0.0163,4.3742,11.6,6390.13,0.0,0.00218
rrt,L2,E1,15.0,2,"[15, 7, 6]","[17, 6, 1]",1,0.01693,2.7923,7.6,1795.83,0.00018,0.00286
rrt,L2,E1,15.0,3,"[22, 9, 6]","[20, 6, 0]",1,0.01109,3.5215,9.6,5410.34,0.0,0.00188
rrt,L2,E1,15.0,4,"[9, 8, 2]","[14, 9, 6]",1,0.01662,2.8344,7.6,3775.81,0.00078,0.00247
rrt,L2,E1,15.0,5,"[16, 9, 5]","[18, 13, 7]",1,0.00559,1.6562,4.4,1695.49,0.00124,0.00302
rrt,L2,E1,15.0,6,"[12, 11, 7]","[9, 9, 5]",1,0.00241,1.42,4.0,1966.37,0.00229,0.0035
rrt,L2,E1,15.0,7,"[18, 8, 1]","[14, 11, 5]",1,0.00436,2.2668,6.0,3484.07,0.00086,0.00274
rrt,L2,E1,15.0,8,"[8, 8, 3]","[9, 8, 6]",1,0.00115,1.2066,3.2,2164.12,0.00284,0.00379
rrt,L2,E1,15.0,9,"[8, 8, 5]","[12, 8, 4]",1,0.01366,1.7676,4.8,3426.49,0.0028,0.00335
rrt,L2,E1,15.0,10,"[19, 7, 2]","[10, 6, 1]",1,0.01913,4.0197,10.8,5490.53,0.0,0.00068
rrt,L2,E1,15.0,11,"[5, 14, 7]","[12, 5, 0]",1,0.02208,6.2838,16.8,6705.71,0.0,0.00162
rrt,L2,E1,15.0,12,"[13, 7, 5]","[7, 6, 3]",1,0.02661,4.4622,12.0,6802.81,0.00129,0.00335
rrt,L2,E1,15.0,13,"[13, 6, 23]","[21, 10, 7]",1,0.01641,3.8636,10.4,3729.39,0.0,0.00235
rrt,L2,E1,15.0,14,"[3, 10, 7]","[12, 11, 4]",1,0.00622,3.3318,8.8,5134.85,0.00285,0.00363
rrt,L2,E1,15.0,15,"[6, 10, 4]","[11, 9, 7]",1,0.007,2.0675,5.6,2661.9,0.0032,0.00395
rrt,L2,E1,15.0,16,"[4, 10, 7]","[13, 8, 1]",1,0.46573,3.7737,10.0,6210.69,0.00086,0.00305
rrt,L2,E1,15.0,17,"[5, 8, 7]","[17, 9, 5]",1,0.02213,5.0972,13.6,6693.8,0.00116,0.00276
rrt,L2,E1,15.0,18,"[10, 11, 4]","[14, 9, 5]",1,0.00936,2.2653,6.0,3447.48,0.00293,0.00364
rrt,L2,E1,15.0,19,"[14, 7, 0]","[20, 7, 0]",1,0.00734,2.1702,6.0,3501.96,0.0,0.00013
rrt,L2,E1,15.0,20,"[4, 11, 5]","[16, 10, 5]",1,0.01977,4.6428,12.4,4949.09,0.00281,0.00362
rrt,L2,E1,15.0,21,"[11, 11, 5]","[12, 13, 6]",1,0.00208,0.759,2.0,1567.73,0.00194,0.00296
rrt,L2,E1,15.0,22,"[3, 10, 3]","[21, 14, 7]",1,0.06129,4.2288,11.2,5776.33,0.0,0.00159
rrt,L2,E1,15.0,23,"[13, 6, 2]","[21, 10, 4]",1,0.00636,3.4912,9.2,4990.09,0.00055,0.00302
rrt,L2,E1,15.0,24,"[21, 7, 7]","[10, 5, 0]",1,0.04862,4.5332,12.0,6469.01,0.0,0.00219
rrt,L2,E1,15.0,25,"[21, 10, 5]","[10, 8, 2]",1,0.01907,4.5586,12.4,6971.61,0.00187,0.00336
rrt,L2,E1,15.0,26,"[7, 12, 7]","[4, 8, 5]",1,0.00708,2.2315,6.0,2072.12,0.00151,0.00307
rrt,L2,E1,15.0,27,"[9, 6, 2]","[13, 11, 5]",1,0.01351,3.0524,8.4,4798.42,0.00022,0.0024
rrt,L2,E1,15.0,28,"[20, 7, 2]","[19, 8, 4]",1,0.00096,0.8726,2.4,1738.34,0.00133,0.00255
rrt,L2,E1,15.0,29,"[9, 8, 7]","[19, 14, 7]",1,0.01569,4.0474,10.8,5403.28,0.00011,0.00206
rrt,L2,E1,15.0,30,"[7, 5, 1]","[15, 8, 5]",1,0.06253,3.8906,10.4,4807.58,0.0,0.00135
rrt,L2,E1,15.0,31,"[5, 5, 23]","[12, 8, 5]",1,0.00709,3.2365,8.8,4310.75,0.0,0.00187
rrt,L2,E1,15.0,32,"[9, 7, 6]","[19, 7, 3]",1,0.01819,4.1959,11.2,5808.48,0.00218,0.00331
rrt,L2,E1,15.0,33,"[13, 7, 4]","[20, 12, 6]",1,0.01096,2.6592,7.2,1747.82,0.00238,0.00344
rrt,L2,E1,15.0,34,"[9, 6, 2]","[10, 5, 0]",1,0.00098,0.7285,2.0,1399.61,0.0,0.00019
rrt,L2,E1,15.0,35,"[20, 7, 0]","[3, 4, 23]",1,0.05567,6.2174,16.8,4083.49,0.0,0.00054
rrt,L2,E1,15.0,36,"[14, 8, 7]","[20, 6, 2]",1,0.01155,3.3357,8.8,5072.74,0.00069,0.00301
rrt,L2,E1,15.0,37,"[13, 10, 5]","[15, 7, 0]",1,0.00995,2.0037,5.6,2664.19,0.0,0.0024
rrt,L2,E1,15.0,38,"[17, 7, 5]","[4, 10, 7]",1,0.03312,4.9722,13.2,6158.9,0.00048,0.00275
rrt,L2,E1,15.0,39,"[15, 6, 23]","[6, 14, 7]",1,0.01303,5.0278,13.6,8414.98,0.0,0.00196
rrt,L2,E1,15.0,40,"[16, 11, 7]","[6, 10, 6]",1,0.02106,4.2763,11.6,6190.41,0.00137,0.0027
rrt,L2,E1,15.0,41,"[4, 12, 7]","[11, 10, 7]",1,0.01024,3.1276,8.4,5574.69,0.00179,0.00262
rrt,L2,E1,15.0,42,"[20, 9, 2]","[17, 5, 1]",1,0.00351,1.6945,4.4,2852.47,0.0,0.00067
rrt,L2,E1,15.0,43,"[8, 6, 0]","[5, 9, 3]",1,0.02158,2.338,6.4,3525.07,0.0,0.00073
rrt,L2,E1,15.0,44,"[7, 11, 7]","[10, 5, 0]",1,0.00627,3.4126,9.2,4005.43,0.0,0.00217
rrt,L2,E1,15.0,45,"[14, 7, 2]","[15, 9, 6]",1,0.00392,1.5971,4.4,2860.37,0.00133,0.00307
rrt,L2,E1,15.0,46,"[4, 12, 6]","[10, 7, 6]",1,0.00728,2.7655,7.6,3343.94,0.00188,0.00268
rrt,L2,E1,15.0,47,"[9, 5, 23]","[21, 5, 0]",1,0.09016,5.6749,15.2,7478.52,0.0,0.00067
rrt,L2,E1,15.0,48,"[5, 11, 5]","[12, 8, 7]",1,0.01094,3.1633,8.4,5612.43,0.00277,0.00345
rrt,L2,E1,15.0,49,"[13, 7, 7]","[18, 11, 4]",1,0.00365,2.2916,6.0,4505.86,0.00285,0.00347
rrt,L2,E1,15.0,50,"[4, 9, 7]","[21, 5, 0]",1,0.11208,7.7434,20.8,7043.29,0.0,0.0027
rrt,L2,E1,15.0,51,"[15, 9, 4]","[6, 6, 23]",1,0.01195,3.7984,10.0,6432.59,0.0,0.00113
rrt,L2,E1,15.0,52,"[21, 5, 1]","[16, 7, 0]",1,0.00758,2.1966,6.0,3500.25,0.0,0.00032
rrt,L2,E1,15.0,53,"[14, 10, 3]","[11, 8, 4]",1,0.00378,1.5593,4.4,3268.59,0.00295,0.00331
rrt,L2,E1,15.0,54,"[17, 6, 2]","[19, 7, 2]",1,0.00108,0.7779,2.0,2186.58,0.00069,0.00125
rrt,L2,E1,15.0,55,"[10, 8, 4]","[3, 12, 7]",1,0.01442,4.0433,10.8,6735.77,0.00159,0.00287
rrt,L2,E1,15.0,56,"[10, 12, 5]","[9, 8, 6]",1,0.00335,1.7694,4.8,3362.12,0.00332,0.00383
rrt,L2,E1,15.0,57,"[18, 12, 6]","[21, 8, 7]",1,0.00291,1.8183,4.8,3147.44,0.00175,0.00269
rrt,L2,E1,15.0,58,"[21, 8, 3]","[2, 13, 7]",1,0.01049,3.8819,10.4,5403.43,0.00066,0.00253
rrt,L2,E1,15.0,59,"[19, 4, 23]","[22, 13, 7]",1,0.0116,4.6621,12.4,4707.11,0.0,0.00217
rrt,L2,E1,15.0,60,"[19, 11, 7]","[20, 8, 6]",1,0.00147,1.265,3.6,1478.44,0.00256,0.00369
rrt,L2,E1,15.0,61,"[5, 7, 1]","[19, 6, 2]",1,0.05342,5.3676,14.4,4422.99,0.0,0.00068
rrt,L2,E1,15.0,62,"[16, 4, 23]","[2, 8, 4]",1,0.09247,5.9641,16.0,8632.06,0.0,0.00173
rrt,L2,E1,15.0,63,"[20, 9, 7]","[16, 5, 0]",1,0.00387,3.3265,8.8,6766.58,0.0,0.00227
rrt,L2,E1,15.0,64,"[7, 12, 5]","[20, 13, 6]",1,0.16977,6.9301,18.4,8233.06,0.00194,0.00345
rrt,L2,E1,15.0,65,"[12, 7, 6]","[14, 10, 5]",1,0.00206,1.1268,3.2,1719.67,0.00336,0.00395
rrt,L2,E1,15.0,66,"[12, 13, 6]","[15, 10, 3]",1,0.00894,1.9709,5.2,3949.77,0.00194,0.00331
rrt,L2,E1,15.0,67,"[19, 12, 6]","[9, 13, 6]",1,0.00904,3.3366,8.8,5458.68,0.00052,0.0014
rrt,L2,E1,15.0,68,"[5, 13, 7]","[10, 6, 2]",1,0.00979,4.2336,11.2,5175.62,0.00069,0.00239
rrt,L2,E1,15.0,69,"[15, 11, 6]","[6, 8, 5]",1,0.01178,3.6917,10.0,4808.34,0.00336,0.00374
rrt,L2,E1,15.0,70,"[5, 6, 23]","[4, 10, 3]",1,0.00387,2.4972,6.8,5278.92,0.0,0.00165
rrt,L2,E1,15.0,71,"[6, 6, 1]","[14, 9, 4]",1,0.00746,3.0056,8.0,3975.61,0.00018,0.00205
rrt,L2,E1,15.0,72,"[23, 13, 7]","[4, 10, 4]",1,0.00595,2.2902,6.0,2922.24,0.00102,0.00282
rrt,L2,E1,15.0,73,"[14, 12, 6]","[11, 13, 6]",1,0.51086,1.8798,5.2,3565.96,0.00194,0.0031
rrt,L2,E1,15.0,74,"[6, 12, 5]","[3, 7, 3]",1,0.00597,2.0971,5.6,2405.4,0.00218,0.00362
rrt,L2,E1,15.0,75,"[8, 7, 2]","[8, 9, 6]",1,0.00257,1.3899,3.6,3076.96,0.00133,0.00315
rrt,L2,E1,15.0,76,"[15, 9, 2]","[8, 4, 23]",1,0.01211,3.5061,9.6,5740.08,0.0,0.0011
rrt,L2,E1,15.0,77,"[19, 9, 5]","[16, 11, 4]",1,0.00722,2.0013,5.6,2713.48,0.00398,0.00413
rrt,L2,E1,15.0,78,"[16, 8, 4]","[5, 7, 3]",1,0.01763,3.5944,9.6,5227.3,0.00217,0.00307
rrt,L2,E1,15.0,79,"[3, 5, 23]","[5, 10, 3]",1,0.01003,2.3894,6.4,3941.67,0.0,0.00139
rrt,L2,E1,15.0,80,"[21, 9, 7]","[16, 9, 3]",1,0.0047,2.8541,7.6,3754.01,0.00251,0.00356
rrt,L2,E1,15.0,81,"[5, 9, 2]","[15, 9, 7]",1,0.02297,4.2005,11.2,5340.68,0.00045,0.00226
rrt,L2,E1,15.0,82,"[11, 11, 6]","[7, 7, 2]",1,0.00898,2.9139,8.0,6935.48,0.00103,0.00284
rrt,L2,E1,15.0,83,"[12, 9, 2]","[18, 6, 0]",1,0.01261,3.0376,8.0,3758.43,0.0,0.00044
rrt,L2,E1,15.0,84,"[21, 8, 2]","[7, 11, 7]",1,0.02031,5.748,15.2,8729.45,0.00174,0.00292
rrt,L2,E1,15.0,85,"[14, 7, 5]","[15, 8, 2]",1,0.00166,1.0496,2.8,1614.96,0.00187,0.00301
rrt,L2,E1,15.0,86,"[3, 7, 3]","[14, 13, 7]",1,0.01228,4.2949,11.6,5072.77,0.00113,0.00282
rrt,L2,E1,15.0,87,"[7, 9, 5]","[12, 4, 23]",1,0.06861,3.5003,9.6,3678.01,0.0,0.00148
rrt,L2,E1,15.0,88,"[18, 7, 2]","[18, 7, 1]",1,0.00014,0.3393,0.8,2305.56,0.00054,0.00089
rrt,L2,E1,15.0,89,"[15, 4, 23]","[11, 5, 0]",1,0.00371,1.8294,4.8,4068.53,0.0,0.00039
rrt,L2,E1,15.0,90,"[16, 6, 0]","[17, 8, 6]",1,0.00786,3.0553,8.4,4528.23,0.0,0.0025
rrt,L2,E1,15.0,91,"[5, 8, 4]","[21, 9, 6]",1,0.05905,6.3543,17.2,6451.34,0.00182,0.00333
rrt,L2,E1,15.0,92,"[17, 5, 0]","[20, 7, 4]",1,0.00689,2.5526,6.8,5788.06,0.0,0.00164
rrt,L2,E1,15.0,93,"[15, 6, 1]","[5, 10, 4]",1,0.01707,4.9391,13.2,8386.65,0.0001,0.00293
rrt,L2,E1,15.0,94,"[13, 6, 0]","[3, 7, 7]",1,0.01852,4.9923,13.6,7170.4,0.0,0.00277
rrt,L2,E1,15.0,95,"[6, 6, 3]","[18, 9, 5]",1,0.03229,4.6069,12.4,5484.66,0.00117,0.00253
rrt,L2,E1,15.0,96,"[17, 12, 7]","[13, 13, 6]",1,0.00373,1.5051,4.0,2139.95,0.00194,0.00221
rrt,L2,E1,15.0,97,"[19, 7, 5]","[4, 9, 2]",1,0.10699,5.7778,15.6,6617.07,0.00071,0.00208
rrt,L2,E1,15.0,98,"[14, 14, 7]","[19, 10, 5]",1,0.00805,3.0912,8.4,6215.3,0.00042,0.00266
rrt,L2,E1,15.0,99,"[21, 10, 4]","[20, 7, 0]",1,0.00242,1.8775,5.2,3314.29,0.0,0.00188
rrt,L2,E1,15.0,100,"[6, 7, 4]","[20, 7, 7]",1,0.1521,5.7551,15.6,6739.97,0.00157,0.0031
astar,L1,E2,15.0,1,"[6, 7, 7]","[15, 6, 3]",1,0.00187,3.6652,5.6,7623.16,0.00129,0.002
astar,L1,E2,15.0,2,"[21, 9, 3]","[23, 8, 7]",1,0.00066,1.8326,2.8,5831.13,0.00284,0.00339
astar,L1,E2,15.0,3,"[14, 9, 3]","[15, 4, 23]",1,0.00101,2.618,4.0,10504.01,0.0,0.0011
astar,L1,E2,15.0,4,"[11, 10, 6]","[20, 6, 2]",1,0.00127,4.4506,6.8,14083.14,0.00063,0.00205
astar,L1,E2,15.0,5,"[6, 9, 5]","[13, 8, 7]",1,0.00131,2.618,4.0,12575.55,0.00313,0.00375
astar,L1,E2,15.0,6,"[14, 12, 6]","[6, 6, 2]",1,0.00103,4.7124,7.2,9415.18,0.00069,0.00286
astar,L1,E2,15.0,7,"[20, 9, 7]","[4, 7, 5]",1,0.00126,3.1416,4.8,8384.5,0.00297,0.00322
astar,L1,E2,15.0,8,"[7, 8, 5]","[9, 6, 23]",1,0.00105,2.618,4.0,14870.85,0.0,0.0013
astar,L1,E2,15.0,9,"[7, 12, 5]","[14, 9, 3]",1,0.00101,3.1416,4.8,6223.31,0.00328,0.00352
astar,L1,E2,15.0,10,"[11, 11, 7]","[20, 8, 5]",1,0.00265,3.6652,5.6,9239.38,0.00256,0.00374
astar,L1,E2,15.0,11,"[12, 11, 5]","[14, 11, 5]",1,0.00021,0.5236,0.8,2539.75,0.00389,0.00389
astar,L1,E2,15.0,12,"[7, 7, 7]","[11, 11, 7]",1,0.00097,2.0944,3.2,3937.34,0.00251,0.0028
astar,L1,E2,15.0,13,"[9, 11, 5]","[8, 12, 6]",1,0.00023,0.7854,1.2,7647.59,0.00274,0.00352
astar,L1,E2,15.0,14,"[7, 11, 4]","[9, 10, 4]",1,0.00021,0.7854,1.2,4809.78,0.00398,0.00409
astar,L1,E2,15.0,15,"[5, 12, 7]","[10, 5, 23]",1,0.00167,5.236,8.0,19522.82,0.0,0.00203
astar,L1,E2,15.0,16,"[18, 8, 3]","[3, 12, 6]",1,0.00155,4.1888,6.4,9591.51,0.00268,0.00361
astar,L1,E2,15.0,17,"[1, 12, 5]","[6, 6, 23]",1,0.00319,4.4506,6.8,16176.07,0.0,0.00219
astar,L1,E2,15.0,18,"[2, 7, 5]","[11, 7, 4]",1,0.00068,2.618,4.0,7367.56,0.00285,0.00298
astar,L1,E2,15.0,19,"[20, 11, 6]","[10, 14, 7]",1,0.00123,3.6652,5.6,7169.79,0.00042,0.00261
astar,L1,E2,15.0,20,"[6, 9, 2]","[9, 9, 3]",1,0.00033,1.0472,1.6,4992.97,0.0023,0.00318
astar,L1,E2,15.0,21,"[15, 10, 5]","[22, 10, 4]",1,0.00074,2.0944,3.2,4988.05,0.00408,0.00412
astar,L1,E2,15.0,22,"[9, 8, 2]","[4, 6, 23]",1,0.00142,2.618,4.0,9056.19,0.0,0.00054
astar,L1,E2,15.0,23,"[5, 10, 7]","[4, 4, 23]",1,0.00073,3.927,6.0,14182.44,0.0,0.00194
astar,L1,E2,15.0,24,"[10, 6, 0]","[15, 12, 5]",1,0.00343,4.1888,6.4,9410.26,0.0,0.00281
astar,L1,E2,15.0,25,"[19, 9, 4]","[11, 13, 7]",1,0.00157,3.927,6.0,7928.67,0.00123,0.00357
astar,L1,E2,15.0,26,"[19, 7, 7]","[15, 7, 7]",1,0.00022,1.0472,1.6,2915.99,0.00298,0.00298
astar,L1,E2,15.0,27,"[9, 8, 6]","[14, 8, 6]",1,0.00032,1.309,2.0,2915.99,0.00375,0.00375
astar,L1,E2,15.0,28,"[10, 12, 5]","[3, 8, 7]",1,0.00073,3.4034,5.2,13174.26,0.0032,0.00383
astar,L1,E2,15.0,29,"[1, 7, 7]","[16, 12, 5]",1,0.00233,4.1888,6.4,10002.67,0.00293,0.00349
astar,L1,E2,15.0,30,"[5, 10, 6]","[1, 11, 6]",1,0.00031,1.309,2.0,4988.05,0.00336,0.00371
astar,L1,E2,15.0,31,"[3, 9, 4]","[13, 5, 0]",1,0.00125,4.7124,7.2,11153.74,0.0,0.00082
astar,L1,E2,15.0,32,"[21, 8, 6]","[22, 9, 7]",1,0.00033,0.7854,1.2,7647.59,0.00315,0.0033
astar,L1,E2,15.0,33,"[12, 9, 6]","[0, 9, 3]",1,0.00373,3.927,6.0,3942.26,0.00331,0.00389
astar,L1,E2,15.0,34,"[23, 10, 7]","[14, 9, 5]",1,0.00086,3.1416,4.8,8976.92,0.00295,0.00327
astar,L1,E2,15.0,35,"[16, 7, 4]","[0, 9, 4]",1,0.0029,3.6652,5.6,6476.45,0.00291,0.00393
astar,L1,E2,15.0,36,"[20, 7, 6]","[17, 8, 4]",1,0.00033,1.5708,2.4,5930.12,0.00291,0.0033
astar,L1,E2,15.0,37,"[13, 6, 1]","[9, 13, 7]",1,0.00158,4.4506,6.8,17261.07,0.00015,0.00201
astar,L1,E2,15.0,38,"[17, 11, 7]","[18, 10, 7]",1,0.00014,0.5236,0.8,6028.9,0.00256,0.00287
astar,L1,E2,15.0,39,"[5, 12, 6]","[7, 13, 7]",1,0.00048,1.0472,1.6,6421.08,0.00117,0.00162
astar,L1,E2,15.0,40,"[14, 4, 23]","[21, 12, 5]",1,0.00216,5.4978,8.4,16188.39,0.0,0.0026
astar,L1,E2,15.0,41,"[16, 6, 1]","[13, 9, 5]",1,0.00073,2.618,4.0,11992.99,0.00018,0.00177
astar,L1,E2,15.0,42,"[0, 10, 5]","[22, 7, 5]",1,0.00056,1.8326,2.8,7635.48,0.00331,0.00361
astar,L1,E2,15.0,43,"[11, 10, 6]","[8, 12, 7]",1,0.00044,1.5708,2.4,5377.76,0.00196,0.00328
astar,L1,E2,15.0,44,"[7, 7, 0]","[17, 7, 7]",1,0.00112,4.4506,6.8,8388.91,0.0,0.0025
astar,L1,E2,15.0,45,"[2, 7, 5]","[3, 9, 7]",1,0.00042,1.309,2.0,8589.66,0.0032,0.00363
astar,L1,E2,15.0,46,"[19, 9, 4]","[4, 4, 23]",1,0.0051,6.0214,9.2,27218.75,0.0,0.00268
astar,L1,E2,15.0,47,"[15, 10, 4]","[8, 6, 23]",1,0.0013,4.1888,6.4,12497.11,0.0,0.00262
astar,L1,E2,15.0,48,"[17, 9, 3]","[3, 4, 23]",1,0.0049,6.0214,9.2,14346.13,0.0,0.00061
astar,L1,E2,15.0,49,"[13, 6, 23]","[2, 11, 5]",1,0.00142,5.7596,8.8,24849.09,0.0,0.00135
astar,L1,E2,15.0,50,"[20, 11, 6]","[9, 10, 5]",1,0.00078,3.4034,5.2,6599.34,0.00332,0.00342
astar,L1,E2,15.0,51,"[21, 9, 3]","[4, 5, 23]",1,0.00515,5.4978,8.4,19138.14,0.0,0.00287
astar,L1,E2,15.0,52,"[17, 7, 1]","[21, 12, 6]",1,0.00265,3.6652,5.6,7030.74,0.00054,0.00288
astar,L1,E2,15.0,53,"[21, 7, 4]","[4, 4, 23]",1,0.00273,4.9742,7.6,24466.77,0.0,0.00219
astar,L1,E2,15.0,54,"[14, 5, 1]","[16, 9, 6]",1,0.00083,2.8798,4.4,12085.11,1e-05,0.00227
astar,L1,E2,15.0,55,"[15, 12, 7]","[21, 14, 7]",1,0.00112,2.0944,3.2,3759.07,0.00035,0.00063
astar,L1,E2,15.0,56,"[3, 13, 7]","[19, 6, 23]",1,0.00424,6.0214,9.2,10828.72,0.0,0.00226
astar,L1,E2,15.0,57,"[2, 10, 5]","[8, 7, 4]",1,0.00086,2.618,4.0,7623.16,0.00284,0.0034
astar,L1,E2,15.0,58,"[9, 5, 0]","[20, 12, 5]",1,0.00324,6.0214,9.2,12549.18,0.0,0.00283
astar,L1,E2,15.0,59,"[3, 11, 7]","[9, 7, 6]",1,0.00158,2.8798,4.4,14280.9,0.00256,0.00367
astar,L1,E2,15.0,60,"[10, 7, 1]","[19, 11, 4]",1,0.00287,4.1888,6.4,17141.73,0.00054,0.00315
astar,L1,E2,15.0,61,"[9, 7, 7]","[4, 13, 6]",1,0.00081,3.1416,4.8,5551.1,0.00194,0.00319
astar,L1,E2,15.0,62,"[18, 7, 4]","[14, 5, 23]",1,0.00134,2.8798,4.4,9237.45,0.0,0.00095
astar,L1,E2,15.0,63,"[21, 8, 2]","[23, 11, 7]",1,0.00074,2.618,4.0,12122.7,0.00187,0.00339
astar,L1,E2,15.0,64,"[12, 5, 1]","[6, 14, 7]",1,0.00181,5.4978,8.4,23324.46,1e-05,0.00198
astar,L1,E2,15.0,65,"[7, 13, 7]","[17, 7, 3]",1,0.00256,5.236,8.0,15057.35,0.00123,0.00274
astar,L1,E2,15.0,66,"[0, 10, 7]","[21, 8, 7]",1,0.00032,1.309,2.0,3764.0,0.00298,0.00318
astar,L1,E2,15.0,67,"[8, 8, 5]","[18, 12, 6]",1,0.00387,3.927,6.0,6009.39,0.00268,0.00303
astar,L1,E2,15.0,68,"[8, 7, 0]","[15, 5, 1]",1,0.00251,2.618,4.0,5372.84,0.0,0.00014
astar,L1,E2,15.0,69,"[10, 10, 6]","[19, 8, 4]",1,0.00187,3.4034,5.2,9152.72,0.00351,0.00383
astar,L1,E2,15.0,70,"[8, 11, 4]","[11, 9, 6]",1,0.00147,1.8326,2.8,4701.15,0.00383,0.00398
astar,L1,E2,15.0,71,"[0, 10, 5]","[4, 7, 5]",1,0.0011,2.3562,3.6,7628.09,0.00331,0.00356
astar,L1,E2,15.0,72,"[9, 7, 0]","[16, 7, 4]",1,0.0016,2.8798,4.4,6009.39,0.0,0.00208
astar,L1,E2,15.0,73,"[2, 11, 5]","[2, 9, 6]",1,0.00027,0.7854,1.2,8601.46,0.00373,0.00394
astar,L1,E2,15.0,74,"[20, 4, 23]","[14, 4, 23]",1,0.00023,1.5708,2.4,2915.99,0.00086,0.00086
astar,L1,E2,15.0,75,"[16, 14, 7]","[21, 10, 4]",1,0.0009,3.1416,4.8,13280.11,0.00042,0.00333
astar,L1,E2,15.0,76,"[4, 8, 6]","[12, 9, 4]",1,0.00183,2.8798,4.4,7541.42,0.00356,0.0039
astar,L1,E2,15.0,77,"[15, 8, 1]","[13, 7, 4]",1,0.00044,1.5708,2.4,8123.98,0.00077,0.00174
astar,L1,E2,15.0,78,"[10, 8, 5]","[0, 6, 3]",1,0.00517,4.1888,6.4,13230.2,0.00137,0.00344
astar,L1,E2,15.0,79,"[19, 12, 5]","[3, 8, 1]",1,0.00302,4.1888,6.4,13049.99,0.00086,0.00356
astar,L1,E2,15.0,80,"[7, 7, 5]","[18, 8, 5]",1,0.00092,3.1416,4.8,6148.44,0.00327,0.0035
astar,L1,E2,15.0,81,"[3, 8, 2]","[20, 12, 5]",1,0.00162,3.6652,5.6,10583.29,0.00187,0.00374
astar,L1,E2,15.0,82,"[17, 10, 3]","[4, 8, 3]",1,0.00131,3.927,6.0,3759.07,0.00279,0.0029
astar,L1,E2,15.0,83,"[19, 4, 23]","[17, 12, 6]",1,0.00157,4.4506,6.8,16897.67,0.0,0.00198
astar,L1,E2,15.0,84,"[13, 10, 7]","[4, 6, 2]",1,0.00112,4.7124,7.2,17126.95,0.00069,0.00237
astar,L1,E2,15.0,85,"[3, 5, 1]","[5, 9, 4]",1,0.00064,2.3562,3.6,17245.44,1e-05,0.00184
astar,L1,E2,15.0,86,"[15, 5, 0]","[19, 12, 7]",1,0.00225,4.7124,7.2,15196.08,0.0,0.00235
astar,L1,E2,15.0,87,"[12, 7, 1]","[16, 7, 7]",1,0.00105,2.618,4.0,12969.67,0.00054,0.00243
astar,L1,E2,15.0,88,"[5, 7, 5]","[2, 9, 6]",1,0.00042,1.5708,2.4,10419.28,0.00332,0.00352
astar,L1,E2,15.0,89,"[14, 12, 5]","[11, 9, 2]",1,0.00059,2.3562,3.6,4971.01,0.0023,0.0036
astar,L1,E2,15.0,90,"[0, 9, 2]","[16, 10, 3]",1,0.00081,3.6652,5.6,15130.86,0.0023,0.00384
astar,L1,E2,15.0,91,"[11, 8, 4]","[13, 8, 1]",1,0.00041,1.309,2.0,5657.8,0.00086,0.00215
astar,L1,E2,15.0,92,"[2, 10, 5]","[22, 9, 7]",1,0.00056,1.8326,2.8,10964.25,0.0032,0.00382
astar,L1,E2,15.0,93,"[9, 6, 23]","[5, 10, 7]",1,0.00095,4.1888,6.4,12461.98,0.0,0.00174
astar,L1,E2,15.0,94,"[10, 10, 3]","[3, 7, 3]",1,0.00044,2.618,4.0,3942.26,0.00218,0.00339
astar,L1,E2,15.0,95,"[3, 10, 6]","[15, 8, 1]",1,0.00326,4.9742,7.6,14759.76,0.00077,0.00205
astar,L1,E2,15.0,96,"[5, 9, 3]","[11, 7, 0]",1,0.00075,2.8798,4.4,8511.23,0.0,0.00091
astar,L1,E2,15.0,97,"[12, 14, 7]","[1, 7, 7]",1,0.00081,4.7124,7.2,6981.67,0.00035,0.00135
astar,L1,E2,15.0,98,"[21, 4, 23]","[16, 6, 3]",1,0.00056,2.8798,4.4,8419.64,0.0,0.00064
astar,L1,E2,15.0,99,"[0, 8, 7]","[21, 4, 23]",1,0.00142,3.927,6.0,17910.79,0.0,0.00216
astar,L1,E2,15.0,100,"[8, 7, 6]","[17, 10, 7]",1,0.00197,3.4034,5.2,6574.91,0.0029,0.00333
astar,L2,E2,15.0,1,"[6, 7, 7]","[15, 6, 3]",1,0.00862,2.8732,3.6,9953.6,0.00122,0.00283
astar,L2,E2,15.0,2,"[21, 9, 3]","[23, 8, 7]",1,0.0016,1.3473,1.6,6275.59,0.0032,0.00379
astar,L2,E2,15.0,3,"[14, 9, 3]","[15, 4, 23]",1,0.00321,1.826,2.0,11780.75,0.0,0.00091
astar,L2,E2,15.0,4,"[11, 10, 6]","[20, 6, 2]",1,0.02083,3.1228,3.6,23499.21,0.00057,0.00262
astar,L2,E2,15.0,5,"[6, 9, 5]","[13, 8, 7]",1,0.0068,2.1327,2.8,10062.34,0.0032,0.00399
astar,L2,E2,15.0,6,"[14, 12, 6]","[6, 6, 2]",1,0.01276,3.0779,3.2,7528.0,0.00057,0.00261
astar,L2,E2,15.0,7,"[20, 9, 7]","[4, 7, 5]",1,0.00637,2.4777,3.2,9103.64,0.00311,0.00344
astar,L2,E2,15.0,8,"[7, 8, 5]","[9, 6, 23]",1,0.00605,1.9541,2.4,12083.28,0.0,0.00174
astar,L2,E2,15.0,9,"[7, 12, 5]","[14, 9, 3]",1,0.00724,2.3243,2.8,10042.73,0.00323,0.00355
astar,L2,E2,15.0,10,"[11, 11, 7]","[20, 8, 5]",1,0.0151,2.8479,3.6,12516.3,0.00243,0.00349
astar,L2,E2,15.0,11,"[12, 11, 5]","[14, 11, 5]",1,0.00059,0.5236,0.8,2539.75,0.00389,0.00389
astar,L2,E2,15.0,12,"[7, 7, 7]","[11, 11, 7]",1,0.00068,1.481,1.6,5831.97,0.00256,0.00304
astar,L2,E2,15.0,13,"[9, 11, 5]","[8, 12, 6]",1,0.00031,0.4534,0.4,14277.07,0.00275,0.00338
astar,L2,E2,15.0,14,"[7, 11, 4]","[9, 10, 4]",1,0.00061,0.632,0.8,5554.2,0.00398,0.00408
astar,L2,E2,15.0,15,"[5, 12, 7]","[10, 5, 23]",1,0.01166,3.2695,3.2,16133.86,0.0,0.00214
astar,L2,E2,15.0,16,"[18, 8, 3]","[3, 12, 6]",1,0.01143,3.0396,3.6,8027.56,0.00271,0.00334
astar,L2,E2,15.0,17,"[1, 12, 5]","[6, 6, 23]",1,0.00142,2.6375,2.4,11630.33,0.0,0.00209
astar,L2,E2,15.0,18,"[2, 7, 5]","[11, 7, 4]",1,0.00247,2.4646,3.6,4485.18,0.00285,0.00327
astar,L2,E2,15.0,19,"[20, 11, 6]","[10, 14, 7]",1,0.00821,3.0265,4.0,10047.66,0.0003,0.0024
astar,L2,E2,15.0,20,"[6, 9, 2]","[9, 9, 3]",1,0.00061,0.8938,1.2,5987.32,0.00219,0.00248
astar,L2,E2,15.0,21,"[15, 10, 5]","[22, 10, 4]",1,0.00239,1.941,2.8,4485.18,0.00408,0.00416
astar,L2,E2,15.0,22,"[9, 8, 2]","[4, 6, 23]",1,0.00335,1.8007,2.0,9469.14,0.0,0.00073
astar,L2,E2,15.0,23,"[5, 10, 7]","[4, 4, 23]",1,0.00785,2.8282,3.2,11761.15,0.0,0.00204
astar,L2,E2,15.0,24,"[10, 6, 0]","[15, 12, 5]",1,0.00386,2.529,2.4,14512.71,0.0,0.00257
astar,L2,E2,15.0,25,"[19, 9, 4]","[11, 13, 7]",1,0.01139,2.7778,3.2,15132.54,0.00124,0.00336
astar,L2,E2,15.0,26,"[19, 7, 7]","[15, 7, 7]",1,0.00054,1.0472,1.6,2915.99,0.00298,0.00298
astar,L2,E2,15.0,27,"[9, 8, 6]","[14, 8, 6]",1,0.00131,1.309,2.0,2915.99,0.00375,0.00375
astar,L2,E2,15.0,28,"[10, 12, 5]","[3, 8, 7]",1,0.00856,2.4328,2.8,8387.39,0.00312,0.00358
astar,L2,E2,15.0,29,"[1, 7, 7]","[16, 12, 5]",1,0.01241,3.0648,3.6,11748.93,0.00297,0.00322
astar,L2,E2,15.0,30,"[5, 10, 6]","[1, 11, 6]",1,0.00094,1.1556,1.6,5977.47,0.00336,0.0037
astar,L2,E2,15.0,31,"[3, 9, 4]","[13, 5, 0]",1,0.02017,3.3846,4.0,10720.4,0.0,0.00165
astar,L2,E2,15.0,32,"[21, 8, 6]","[22, 9, 7]",1,0.00032,0.4534,0.4,14277.07,0.0032,0.00353
astar,L2,E2,15.0,33,"[12, 9, 6]","[0, 9, 3]",1,0.07246,3.7736,5.6,3942.26,0.00331,0.00389
astar,L2,E2,15.0,34,"[23, 10, 7]","[14, 9, 5]",1,0.00799,2.6563,3.6,8476.0,0.00287,0.00338
astar,L2,E2,15.0,35,"[16, 7, 4]","[0, 9, 4]",1,0.02242,2.8479,3.6,10035.86,0.00278,0.00372
astar,L2,E2,15.0,36,"[20, 7, 6]","[17, 8, 4]",1,0.00093,1.0855,1.2,13064.15,0.00328,0.00339
astar,L2,E2,15.0,37,"[13, 6, 1]","[9, 13, 7]",1,0.00768,2.8161,2.8,11719.57,0.00018,0.00279
astar,L2,E2,15.0,38,"[17, 11, 7]","[18, 10, 7]",1,0.00025,0.3702,0.4,9518.05,0.00256,0.00277
astar,L2,E2,15.0,39,"[5, 12, 6]","[7, 13, 7]",1,0.00058,0.7152,0.8,8568.65,0.00124,0.00238
astar,L2,E2,15.0,40,"[14, 4, 23]","[21, 12, 5]",1,0.00852,3.3527,3.2,14493.94,0.0,0.00201
astar,L2,E2,15.0,41,"[16, 6, 1]","[13, 9, 5]",1,0.00182,1.6221,1.6,6778.98,0.00018,0.00255
astar,L2,E2,15.0,42,"[0, 10, 5]","[22, 7, 5]",1,0.00106,1.1687,1.2,12098.06,0.00334,0.00391
astar,L2,E2,15.0,43,"[11, 10, 6]","[8, 12, 7]",1,0.00109,1.0855,1.2,13064.15,0.00196,0.00319
astar,L2,E2,15.0,44,"[7, 7, 0]","[17, 7, 7]",1,0.00933,3.3771,4.0,8023.89,0.0,0.00231
astar,L2,E2,15.0,45,"[2, 7, 5]","[3, 9, 7]",1,0.00066,0.8237,0.8,8093.95,0.0032,0.00352
astar,L2,E2,15.0,46,"[19, 9, 4]","[4, 4, 23]",1,0.04193,4.4121,5.2,12016.43,0.0,0.00254
astar,L2,E2,15.0,47,"[15, 10, 4]","[8, 6, 23]",1,0.00825,2.7076,2.8,17292.11,0.0,0.00146
astar,L2,E2,15.0,48,"[17, 9, 3]","[3, 4, 23]",1,0.0622,4.5402,5.6,21082.94,0.0,0.0015
astar,L2,E2,15.0,49,"[13, 6, 23]","[2, 11, 5]",1,0.02139,3.9465,4.4,18270.94,0.0,0.00229
astar,L2,E2,15.0,50,"[20, 11, 6]","[9, 10, 5]",1,0.00728,3.0714,4.4,6054.38,0.00325,0.00347
astar,L2,E2,15.0,51,"[21, 9, 3]","[4, 5, 23]",1,0.0223,3.7099,4.0,14609.23,0.0,0.00242
astar,L2,E2,15.0,52,"[17, 7, 1]","[21, 12, 6]",1,0.00201,2.184,2.0,11635.26,0.00054,0.00295
astar,L2,E2,15.0,53,"[21, 7, 4]","[4, 4, 23]",1,0.0175,3.7221,4.4,12103.41,0.0,0.00224
astar,L2,E2,15.0,54,"[14, 5, 1]","[16, 9, 6]",1,0.00517,1.9092,2.0,14251.86,1e-05,0.00244
astar,L2,E2,15.0,55,"[15, 12, 7]","[21, 14, 7]",1,0.00249,1.7877,2.4,7499.63,0.00042,0.00148
astar,L2,E2,15.0,56,"[3, 13, 7]","[19, 6, 23]",1,0.0074,3.723,3.6,15085.93,0.0,0.00232
astar,L2,E2,15.0,57,"[2, 10, 5]","[8, 7, 4]",1,0.00546,1.9793,2.4,9294.12,0.00279,0.00361
astar,L2,E2,15.0,58,"[9, 5, 0]","[20, 12, 5]",1,0.02868,4.0549,4.4,21018.77,0.0,0.00246
astar,L2,E2,15.0,59,"[3, 11, 7]","[9, 7, 6]",1,0.00487,2.0878,2.4,9296.59,0.00256,0.00311
astar,L2,E2,15.0,60,"[10, 7, 1]","[19, 11, 4]",1,0.01563,3.0396,3.6,12061.73,0.00051,0.00191
astar,L2,E2,15.0,61,"[9, 7, 7]","[4, 13, 6]",1,0.00309,2.1962,2.4,6411.75,0.00194,0.00286
astar,L2,E2,15.0,62,"[18, 7, 4]","[14, 5, 23]",1,0.00344,1.9092,2.0,9614.32,0.0,0.00097
astar,L2,E2,15.0,63,"[21, 8, 2]","[23, 11, 7]",1,0.0022,1.8007,2.0,10848.96,0.00187,0.00343
astar,L2,E2,15.0,64,"[12, 5, 1]","[6, 14, 7]",1,0.01489,3.5061,3.6,17745.16,1e-05,0.00262
astar,L2,E2,15.0,65,"[7, 13, 7]","[17, 7, 3]",1,0.0266,3.6015,4.0,20241.12,0.00123,0.00326
astar,L2,E2,15.0,66,"[0, 10, 7]","[21, 8, 7]",1,0.00071,1.0023,1.2,4674.15,0.00298,0.00316
astar,L2,E2,15.0,67,"[8, 8, 5]","[18, 12, 6]",1,0.01715,3.135,4.0,12449.66,0.00275,0.00398
astar,L2,E2,15.0,68,"[8, 7, 0]","[15, 5, 1]",1,0.00589,2.1327,2.8,8431.43,0.0,4e-05
astar,L2,E2,15.0,69,"[10, 10, 6]","[19, 8, 4]",1,0.01638,2.7395,3.6,10808.48,0.00346,0.00382
astar,L2,E2,15.0,70,"[8, 11, 4]","[11, 9, 6]",1,0.00121,1.1687,1.2,17079.5,0.00388,0.0041
astar,L2,E2,15.0,71,"[0, 10, 5]","[4, 7, 5]",1,0.00184,1.5389,1.6,8620.81,0.00325,0.00369
astar,L2,E2,15.0,72,"[9, 7, 0]","[16, 7, 4]",1,0.0049,2.2664,2.8,6372.11,0.0,0.00093
astar,L2,E2,15.0,73,"[2, 11, 5]","[2, 9, 6]",1,0.00053,0.632,0.8,5554.2,0.00374,0.00382
astar,L2,E2,15.0,74,"[20, 4, 23]","[14, 4, 23]",1,0.00059,1.5708,2.4,2915.99,0.00086,0.00086
astar,L2,E2,15.0,75,"[16, 14, 7]","[21, 10, 4]",1,0.00305,1.9924,2.0,9564.83,0.0003,0.00236
astar,L2,E2,15.0,76,"[4, 8, 6]","[12, 9, 4]",1,0.0089,2.3945,3.2,10561.11,0.00371,0.00382
astar,L2,E2,15.0,77,"[15, 8, 1]","[13, 7, 4]",1,0.00124,1.0855,1.2,6198.78,0.00086,0.00198
astar,L2,E2,15.0,78,"[10, 8, 5]","[0, 6, 3]",1,0.04552,3.5501,4.8,9582.85,0.00137,0.00357
astar,L2,E2,15.0,79,"[19, 12, 5]","[3, 8, 1]",1,0.01031,3.0396,3.6,9012.15,0.00086,0.00347
astar,L2,E2,15.0,80,"[7, 7, 5]","[18, 8, 5]",1,0.00334,2.9882,4.4,5977.47,0.00327,0.00336
astar,L2,E2,15.0,81,"[3, 8, 2]","[20, 12, 5]",1,0.00375,2.6693,3.2,10918.16,0.00187,0.00354
astar,L2,E2,15.0,82,"[17, 10, 3]","[4, 8, 3]",1,0.01824,3.48,4.4,9686.31,0.00284,0.00375
astar,L2,E2,15.0,83,"[19, 4, 23]","[17, 12, 6]",1,0.01193,3.0199,3.2,13385.5,0.0,0.00227
astar,L2,E2,15.0,84,"[13, 10, 7]","[4, 6, 2]",1,0.02907,3.2312,3.6,13047.43,0.00057,0.00284
astar,L2,E2,15.0,85,"[3, 5, 1]","[5, 9, 4]",1,0.00327,1.5389,1.6,14560.05,1e-05,0.00191
astar,L2,E2,15.0,86,"[15, 5, 0]","[19, 12, 7]",1,0.00465,2.9245,2.8,13568.7,0.0,0.0024
astar,L2,E2,15.0,87,"[12, 7, 1]","[16, 7, 7]",1,0.0025,2.0046,2.4,6412.59,0.00054,0.00247
astar,L2,E2,15.0,88,"[5, 7, 5]","[2, 9, 6]",1,0.00099,1.0855,1.2,13064.15,0.00334,0.0038
astar,L2,E2,15.0,89,"[14, 12, 5]","[11, 9, 2]",1,0.0006,1.3603,1.2,8777.53,0.0023,0.00344
astar,L2,E2,15.0,90,"[0, 9, 2]","[16, 10, 3]",1,0.00291,2.8479,3.6,8645.77,0.0023,0.00376
astar,L2,E2,15.0,91,"[11, 8, 4]","[13, 8, 1]",1,0.00135,1.0023,1.2,4674.15,0.00086,0.00231
astar,L2,E2,15.0,92,"[2, 10, 5]","[22, 9, 7]",1,0.0017,1.3473,1.6,9973.21,0.00313,0.00361
astar,L2,E2,15.0,93,"[9, 6, 23]","[5, 10, 7]",1,0.01099,2.861,3.2,14215.95,0.0,0.00238
astar,L2,E2,15.0,94,"[10, 10, 3]","[3, 7, 3]",1,0.00296,2.1579,2.8,9197.18,0.00211,0.003
astar,L2,E2,15.0,95,"[3, 10, 6]","[15, 8, 1]",1,0.04504,3.8502,4.8,13228.15,0.00077,0.00314
astar,L2,E2,15.0,96,"[5, 9, 3]","[11, 7, 0]",1,0.00525,2.0625,2.4,13212.95,0.0,0.00101
astar,L2,E2,15.0,97,"[12, 14, 7]","[1, 7, 7]",1,0.01055,3.6389,4.4,7797.76,0.00042,0.00256
astar,L2,E2,15.0,98,"[21, 4, 23]","[16, 6, 3]",1,0.0015,1.9092,2.0,11618.44,0.0,0.00043
astar,L2,E2,15.0,99,"[0, 8, 7]","[21, 4, 23]",1,0.00662,2.8282,3.2,12029.38,0.0,0.00185
astar,L2,E2,15.0,100,"[8, 7, 6]","[17, 10, 7]",1,0.01539,2.7647,3.6,12938.16,0.00298,0.0036
rrt,L1,E2,15.0,1,"[6, 7, 7]","[15, 6, 3]",1,0.05685,3.1699,11.2,1926.79,0.00137,0.00238
rrt,L1,E2,15.0,2,"[21, 9, 3]","[23, 8, 7]",1,0.02031,2.1495,8.4,3211.83,0.00306,0.0033
rrt,L1,E2,15.0,3,"[14, 9, 3]","[15, 4, 23]",1,0.02021,2.9941,12.0,2494.55,0.0,0.00087
rrt,L1,E2,15.0,4,"[11, 10, 6]","[20, 6, 2]",1,0.01625,3.5262,13.6,3601.28,0.0004,0.00257
rrt,L1,E2,15.0,5,"[6, 9, 5]","[13, 8, 7]",1,0.01302,2.5957,9.2,2861.92,0.00287,0.00341
rrt,L1,E2,15.0,6,"[14, 12, 6]","[6, 6, 2]",1,0.01723,3.4612,14.4,3109.07,0.00069,0.00281
rrt,L1,E2,15.0,7,"[20, 9, 7]","[4, 7, 5]",1,0.24444,3.0013,10.4,3164.9,0.00257,0.00299
rrt,L1,E2,15.0,8,"[7, 8, 5]","[9, 6, 23]",1,0.03487,2.4195,9.2,2890.31,0.0,0.00129
rrt,L1,E2,15.0,9,"[7, 12, 5]","[14, 9, 3]",1,0.01591,2.536,9.6,1707.93,0.00331,0.00373
rrt,L1,E2,15.0,10,"[11, 11, 7]","[20, 8, 5]",1,0.0496,3.23,12.0,2234.79,0.00256,0.00372
rrt,L1,E2,15.0,11,"[12, 11, 5]","[14, 11, 5]",1,0.01112,0.5423,1.6,979.71,0.00379,0.00384
rrt,L1,E2,15.0,12,"[7, 7, 7]","[11, 11, 7]",1,0.02228,2.0595,8.4,2079.9,0.00188,0.00281
rrt,L1,E2,15.0,13,"[9, 11, 5]","[8, 12, 6]",1,0.00112,0.6038,2.4,814.35,0.00274,0.00348
rrt,L1,E2,15.0,14,"[7, 11, 4]","[9, 10, 4]",1,0.00497,0.7131,2.8,961.92,0.00397,0.00402
rrt,L1,E2,15.0,15,"[5, 12, 7]","[10, 5, 23]",1,0.03033,4.4968,18.4,4178.65,0.0,0.00221
rrt,L1,E2,15.0,16,"[18, 8, 3]","[3, 12, 6]",1,0.03345,3.8582,14.8,3689.14,0.00214,0.00327
rrt,L1,E2,15.0,17,"[1, 12, 5]","[6, 6, 23]",1,0.03697,3.899,15.2,3664.52,0.0,0.00257
rrt,L1,E2,15.0,18,"[2, 7, 5]","[11, 7, 4]",1,0.05125,3.3606,12.8,2492.72,0.00086,0.00229
rrt,L1,E2,15.0,19,"[20, 11, 6]","[10, 14, 7]",1,0.04519,3.3343,11.6,2105.46,0.00023,0.00132
rrt,L1,E2,15.0,20,"[6, 9, 2]","[9, 9, 3]",1,0.01407,1.6625,6.4,1510.56,0.0023,0.00339
rrt,L1,E2,15.0,21,"[15, 10, 5]","[22, 10, 4]",1,0.02129,2.0395,6.4,2040.74,0.0041,0.00415
rrt,L1,E2,15.0,22,"[9, 8, 2]","[4, 6, 23]",1,0.01224,2.2728,9.2,2425.76,0.0,0.00049
rrt,L1,E2,15.0,23,"[5, 10, 7]","[4, 4, 23]",1,0.61524,4.6343,17.2,4199.97,0.0,0.002
rrt,L1,E2,15.0,24,"[10, 6, 0]","[15, 12, 5]",1,0.04012,3.4949,13.6,3262.79,0.0,0.00227
rrt,L1,E2,15.0,25,"[19, 9, 4]","[11, 13, 7]",1,0.02694,3.1423,12.4,2515.24,0.00102,0.00287
rrt,L1,E2,15.0,26,"[19, 7, 7]","[15, 7, 7]",1,0.0114,1.1232,3.6,1605.97,0.00297,0.00307
rrt,L1,E2,15.0,27,"[9, 8, 6]","[14, 8, 6]",1,0.0105,1.5351,5.6,1100.8,0.00345,0.00364
rrt,L1,E2,15.0,28,"[10, 12, 5]","[3, 8, 7]",1,0.03806,2.5733,9.6,2579.64,0.00288,0.0033
rrt,L1,E2,15.0,29,"[1, 7, 7]","[16, 12, 5]",1,0.07329,5.1574,17.6,4295.51,0.0027,0.00308
rrt,L1,E2,15.0,30,"[5, 10, 6]","[1, 11, 6]",1,0.01276,1.2726,4.4,1242.55,0.00336,0.00355
rrt,L1,E2,15.0,31,"[3, 9, 4]","[13, 5, 0]",1,0.03291,4.0448,15.6,2657.26,0.0,0.00118
rrt,L1,E2,15.0,32,"[21, 8, 6]","[22, 9, 7]",1,0.00119,0.5819,2.4,838.22,0.0032,0.00354
rrt,L1,E2,15.0,33,"[12, 9, 6]","[0, 9, 3]",1,6.23444,7.0393,26.0,6169.02,0.00267,0.00348
rrt,L1,E2,15.0,34,"[23, 10, 7]","[14, 9, 5]",1,0.02519,3.0139,10.4,1454.78,0.00298,0.004
rrt,L1,E2,15.0,35,"[16, 7, 4]","[0, 9, 4]",1,2.83218,4.548,17.2,3705.45,0.00201,0.00339
rrt,L1,E2,15.0,36,"[20, 7, 6]","[17, 8, 4]",1,0.00849,1.9342,7.6,2250.08,0.00336,0.00373
rrt,L1,E2,15.0,37,"[13, 6, 1]","[9, 13, 7]",1,0.02094,3.7658,15.2,4715.12,1e-05,0.00225
rrt,L1,E2,15.0,38,"[17, 11, 7]","[18, 10, 7]",1,0.00362,0.8172,3.6,890.29,0.00256,0.00307
rrt,L1,E2,15.0,39,"[5, 12, 6]","[7, 13, 7]",1,0.0013,0.8112,3.2,1342.36,0.00124,0.00209
rrt,L1,E2,15.0,40,"[14, 4, 23]","[21, 12, 5]",1,0.02433,4.7238,19.2,4056.51,0.0,0.00187
rrt,L1,E2,15.0,41,"[16, 6, 1]","[13, 9, 5]",1,0.00833,1.9368,8.0,1697.87,0.00018,0.00243
rrt,L1,E2,15.0,42,"[0, 10, 5]","[22, 7, 5]",0,4.77378,0.0,0.0,0.0,0.0,0.0
rrt,L1,E2,15.0,43,"[11, 10, 6]","[8, 12, 7]",1,0.00766,1.2834,5.2,1085.54,0.0015,0.00262
rrt,L1,E2,15.0,44,"[7, 7, 0]","[17, 7, 7]",1,0.02761,4.1903,16.0,2898.28,0.0,0.00241
rrt,L1,E2,15.0,45,"[2, 7, 5]","[3, 9, 7]",1,0.00827,1.7792,7.2,1849.16,0.0032,0.00378
rrt,L1,E2,15.0,46,"[19, 9, 4]","[4, 4, 23]",1,0.05788,5.6475,20.4,3271.53,0.0,0.00117
rrt,L1,E2,15.0,47,"[15, 10, 4]","[8, 6, 23]",1,0.01271,3.255,12.8,2803.73,0.0,0.00143
rrt,L1,E2,15.0,48,"[17, 9, 3]","[3, 4, 23]",1,0.43308,5.9096,21.2,5181.47,0.0,0.00072
rrt,L1,E2,15.0,49,"[13, 6, 23]","[2, 11, 5]",1,0.0402,4.5271,18.0,2972.17,0.0,0.00248
rrt,L1,E2,15.0,50,"[20, 11, 6]","[9, 10, 5]",1,0.02652,3.585,12.4,2825.94,0.00336,0.00407
rrt,L1,E2,15.0,51,"[21, 9, 3]","[4, 5, 23]",1,0.22591,6.8718,24.4,6206.68,0.0,0.00212
rrt,L1,E2,15.0,52,"[17, 7, 1]","[21, 12, 6]",1,0.01282,2.6871,11.2,2509.64,0.0005,0.00291
rrt,L1,E2,15.0,53,"[21, 7, 4]","[4, 4, 23]",1,0.11333,7.5624,28.4,7046.93,0.0,0.00193
rrt,L1,E2,15.0,54,"[14, 5, 1]","[16, 9, 6]",1,0.01232,2.4254,10.0,2172.01,0.0,0.00222
rrt,L1,E2,15.0,55,"[15, 12, 7]","[21, 14, 7]",1,0.01321,2.07,7.6,2196.83,0.00012,0.00094
rrt,L1,E2,15.0,56,"[3, 13, 7]","[19, 6, 23]",1,0.03581,4.5648,18.4,3691.92,0.0,0.00231
rrt,L1,E2,15.0,57,"[2, 10, 5]","[8, 7, 4]",1,0.0216,2.4342,8.8,3094.39,0.00259,0.00329
rrt,L1,E2,15.0,58,"[9, 5, 0]","[20, 12, 5]",1,0.03148,4.824,19.2,4014.82,0.0,0.00281
rrt,L1,E2,15.0,59,"[3, 11, 7]","[9, 7, 6]",1,0.01636,3.185,12.0,4417.7,0.00256,0.00314
rrt,L1,E2,15.0,60,"[10, 7, 1]","[19, 11, 4]",1,0.02247,3.7565,14.0,4215.63,0.00054,0.00332
rrt,L1,E2,15.0,61,"[9, 7, 7]","[4, 13, 6]",1,0.00822,2.6116,10.8,2728.94,0.00184,0.00262
rrt,L1,E2,15.0,62,"[18, 7, 4]","[14, 5, 23]",1,0.0137,2.8618,11.6,2986.19,0.0,0.00166
rrt,L1,E2,15.0,63,"[21, 8, 2]","[23, 11, 7]",1,0.02802,2.2011,8.8,1944.04,0.00187,0.00354
rrt,L1,E2,15.0,64,"[12, 5, 1]","[6, 14, 7]",1,0.01649,4.6257,19.2,4164.08,0.0,0.0021
rrt,L1,E2,15.0,65,"[7, 13, 7]","[17, 7, 3]",1,0.02353,4.1106,16.4,2856.73,0.00123,0.00299
rrt,L1,E2,15.0,66,"[0, 10, 7]","[21, 8, 7]",1,0.01089,1.1772,4.8,1192.15,0.00281,0.00308
rrt,L1,E2,15.0,67,"[8, 8, 5]","[18, 12, 6]",1,0.04969,3.5089,13.2,2765.23,0.00256,0.00358
rrt,L1,E2,15.0,68,"[8, 7, 0]","[15, 5, 1]",1,0.01455,2.4741,8.8,2295.79,0.0,0.00013
rrt,L1,E2,15.0,69,"[10, 10, 6]","[19, 8, 4]",1,0.01985,2.883,10.8,849.15,0.00345,0.00372
rrt,L1,E2,15.0,70,"[8, 11, 4]","[11, 9, 6]",1,0.00275,1.4438,5.6,2067.34,0.00365,0.00397
rrt,L1,E2,15.0,71,"[0, 10, 5]","[4, 7, 5]",1,0.01533,2.4596,10.0,2908.93,0.0029,0.00354
rrt,L1,E2,15.0,72,"[9, 7, 0]","[16, 7, 4]",1,0.02515,3.5917,14.0,2025.27,0.0,0.00263
rrt,L1,E2,15.0,73,"[2, 11, 5]","[2, 9, 6]",1,0.00541,0.7229,3.2,876.36,0.00388,0.00399
rrt,L1,E2,15.0,74,"[20, 4, 23]","[14, 4, 23]",1,0.01596,1.7882,6.0,1260.28,0.00078,0.00092
rrt,L1,E2,15.0,75,"[16, 14, 7]","[21, 10, 4]",1,0.0165,3.8341,14.4,3601.54,0.00042,0.00314
rrt,L1,E2,15.0,76,"[4, 8, 6]","[12, 9, 4]",1,0.01737,2.5068,8.4,1712.27,0.00375,0.00396
rrt,L1,E2,15.0,77,"[15, 8, 1]","[13, 7, 4]",1,0.00307,1.2772,5.2,1392.38,0.00086,0.002
rrt,L1,E2,15.0,78,"[10, 8, 5]","[0, 6, 3]",0,4.99326,0.0,0.0,0.0,0.0,0.0
rrt,L1,E2,15.0,79,"[19, 12, 5]","[3, 8, 1]",1,0.28204,4.6191,17.6,3215.09,0.00086,0.00351
rrt,L1,E2,15.0,80,"[7, 7, 5]","[18, 8, 5]",1,0.05141,3.7053,12.0,2901.04,0.00334,0.00379
rrt,L1,E2,15.0,81,"[3, 8, 2]","[20, 12, 5]",1,0.02555,4.5994,18.4,4260.91,0.00187,0.00303
rrt,L1,E2,15.0,82,"[17, 10, 3]","[4, 8, 3]",1,0.06443,4.7158,16.8,3109.95,0.00268,0.00338
rrt,L1,E2,15.0,83,"[19, 4, 23]","[17, 12, 6]",1,0.02073,3.9835,16.0,4182.47,0.0,0.00213
rrt,L1,E2,15.0,84,"[13, 10, 7]","[4, 6, 2]",1,0.0132,3.8886,15.6,3092.6,0.00045,0.00262
rrt,L1,E2,15.0,85,"[3, 5, 1]","[5, 9, 4]",1,0.0188,1.94,8.4,1513.94,0.0,0.00209
rrt,L1,E2,15.0,86,"[15, 5, 0]","[19, 12, 7]",1,0.01137,3.7895,14.8,2650.61,0.0,0.00196
rrt,L1,E2,15.0,87,"[12, 7, 1]","[16, 7, 7]",1,0.01294,2.6019,10.4,2389.3,0.00049,0.00268
rrt,L1,E2,15.0,88,"[5, 7, 5]","[2, 9, 6]",1,0.00285,1.1128,4.4,1558.9,0.00334,0.00381
rrt,L1,E2,15.0,89,"[14, 12, 5]","[11, 9, 2]",1,0.04428,3.7974,14.4,2456.89,0.0023,0.00339
rrt,L1,E2,15.0,90,"[0, 9, 2]","[16, 10, 3]",1,0.06307,3.3094,12.0,2805.07,0.00216,0.00362
rrt,L1,E2,15.0,91,"[11, 8, 4]","[13, 8, 1]",1,0.00905,1.1942,4.8,1330.0,0.00086,0.00227
rrt,L1,E2,15.0,92,"[2, 10, 5]","[22, 9, 7]",1,0.00912,1.7316,6.0,1493.18,0.003,0.00347
rrt,L1,E2,15.0,93,"[9, 6, 23]","[5, 10, 7]",1,0.03078,3.7118,14.4,3123.72,0.0,0.00172
rrt,L1,E2,15.0,94,"[10, 10, 3]","[3, 7, 3]",1,0.01848,2.7172,10.8,2375.23,0.00218,0.0033
rrt,L1,E2,15.0,95,"[3, 10, 6]","[15, 8, 1]",1,0.02936,4.8951,17.6,4633.88,0.00074,0.00255
rrt,L1,E2,15.0,96,"[5, 9, 3]","[11, 7, 0]",1,0.02969,3.0749,11.2,2720.37,0.0,0.00078
rrt,L1,E2,15.0,97,"[12, 14, 7]","[1, 7, 7]",1,0.03897,4.1845,16.0,3307.8,0.00042,0.00224
rrt,L1,E2,15.0,98,"[21, 4, 23]","[16, 6, 3]",1,0.01354,2.7581,10.4,3604.6,0.0,0.00051
rrt,L1,E2,15.0,99,"[0, 8, 7]","[21, 4, 23]",1,0.06119,3.4412,13.2,2964.82,0.0,0.0019
rrt,L1,E2,15.0,100,"[8, 7, 6]","[17, 10, 7]",1,0.03701,3.1412,11.6,2411.74,0.00253,0.00302
rrt,L2,E2,15.0,1,"[6, 7, 7]","[15, 6, 3]",1,0.01188,4.6306,12.4,6241.2,0.00095,0.00349
rrt,L2,E2,15.0,2,"[21, 9, 3]","[23, 8, 7]",1,0.00317,2.2644,6.0,3238.44,0.00287,0.00363
rrt,L2,E2,15.0,3,"[14, 9, 3]","[15, 4, 23]",1,0.0142,3.0334,8.0,5205.41,0.0,0.00169
rrt,L2,E2,15.0,4,"[11, 10, 6]","[20, 6, 2]",1,0.0116,4.002,10.8,5326.85,0.00069,0.00292
rrt,L2,E2,15.0,5,"[6, 9, 5]","[13, 8, 7]",1,0.00646,2.3817,6.4,2104.09,0.00294,0.00344
rrt,L2,E2,15.0,6,"[14, 12, 6]","[6, 6, 2]",1,0.01385,3.8483,10.4,6893.13,0.00028,0.00267
rrt,L2,E2,15.0,7,"[20, 9, 7]","[4, 7, 5]",1,0.00832,3.3285,8.8,6262.31,0.00281,0.00322
rrt,L2,E2,15.0,8,"[7, 8, 5]","[9, 6, 23]",1,0.02263,2.9032,8.0,3752.38,0.0,0.00173
rrt,L2,E2,15.0,9,"[7, 12, 5]","[14, 9, 3]",1,0.00391,2.8609,7.6,4370.6,0.00286,0.00359
rrt,L2,E2,15.0,10,"[11, 11, 7]","[20, 8, 5]",1,0.01922,4.1813,11.2,5495.97,0.00256,0.00362
rrt,L2,E2,15.0,11,"[12, 11, 5]","[14, 11, 5]",1,0.00063,0.7935,2.0,2178.76,0.00343,0.00358
rrt,L2,E2,15.0,12,"[7, 7, 7]","[11, 11, 7]",1,0.00548,1.8288,4.8,3374.46,0.00256,0.00315
rrt,L2,E2,15.0,13,"[9, 11, 5]","[8, 12, 6]",1,0.00088,0.6726,2.0,958.77,0.00247,0.00301
rrt,L2,E2,15.0,14,"[7, 11, 4]","[9, 10, 4]",1,0.00073,0.7276,2.0,1068.4,0.00398,0.00412
rrt,L2,E2,15.0,15,"[5, 12, 7]","[10, 5, 23]",1,0.00754,4.3489,11.6,5829.59,0.0,0.00211
rrt,L2,E2,15.0,16,"[18, 8, 3]","[3, 12, 6]",1,0.01444,3.3893,9.2,4983.37,0.00238,0.00355
rrt,L2,E2,15.0,17,"[1, 12, 5]","[6, 6, 23]",1,0.01669,4.8308,12.8,8704.12,0.0,0.00262
rrt,L2,E2,15.0,18,"[2, 7, 5]","[11, 7, 4]",1,0.00702,3.3522,9.2,4390.63,0.00291,0.00326
rrt,L2,E2,15.0,19,"[20, 11, 6]","[10, 14, 7]",1,0.01031,3.8681,10.4,4740.17,0.0,0.0021
rrt,L2,E2,15.0,20,"[6, 9, 2]","[9, 9, 3]",1,0.0022,1.0772,2.8,2242.93,0.00175,0.00227
rrt,L2,E2,15.0,21,"[15, 10, 5]","[22, 10, 4]",1,0.01032,2.296,6.0,4560.51,0.00393,0.00406
rrt,L2,E2,15.0,22,"[9, 8, 2]","[4, 6, 23]",1,0.01271,2.6175,7.2,4625.39,0.0,0.00055
rrt,L2,E2,15.0,23,"[5, 10, 7]","[4, 4, 23]",1,1.21799,3.6178,9.6,4810.08,0.0,0.00194
rrt,L2,E2,15.0,24,"[10, 6, 0]","[15, 12, 5]",1,0.01004,3.7327,10.0,4530.33,0.0,0.00263
rrt,L2,E2,15.0,25,"[19, 9, 4]","[11, 13, 7]",1,0.02113,3.5317,9.6,5099.52,0.00115,0.00283
rrt,L2,E2,15.0,26,"[19, 7, 7]","[15, 7, 7]",1,0.00413,1.8505,5.2,3094.74,0.00282,0.00316
rrt,L2,E2,15.0,27,"[9, 8, 6]","[14, 8, 6]",1,0.00713,2.165,6.0,4503.06,0.0031,0.00357
rrt,L2,E2,15.0,28,"[10, 12, 5]","[3, 8, 7]",1,0.01266,3.1842,8.4,5640.02,0.00233,0.00292
rrt,L2,E2,15.0,29,"[1, 7, 7]","[16, 12, 5]",1,0.0113,3.5957,9.6,6038.7,0.00298,0.00366
rrt,L2,E2,15.0,30,"[5, 10, 6]","[1, 11, 6]",1,0.00545,1.6548,4.4,2645.38,0.00336,0.00394
rrt,L2,E2,15.0,31,"[3, 9, 4]","[13, 5, 0]",1,0.0149,4.2006,11.2,7817.14,0.0,0.00189
rrt,L2,E2,15.0,32,"[21, 8, 6]","[22, 9, 7]",1,0.00043,0.4735,1.2,1562.74,0.0032,0.00356
rrt,L2,E2,15.0,33,"[12, 9, 6]","[0, 9, 3]",1,3.35941,5.6576,15.2,9120.69,0.00167,0.00326
rrt,L2,E2,15.0,34,"[23, 10, 7]","[14, 9, 5]",1,0.00884,3.8009,10.4,8282.02,0.00258,0.00369
rrt,L2,E2,15.0,35,"[16, 7, 4]","[0, 9, 4]",1,0.15237,5.322,14.4,6823.03,0.00051,0.00276
rrt,L2,E2,15.0,36,"[20, 7, 6]","[17, 8, 4]",1,0.00322,1.9081,5.2,3773.28,0.0033,0.00357
rrt,L2,E2,15.0,37,"[13, 6, 1]","[9, 13, 7]",1,0.00965,3.6909,10.0,6052.17,0.00018,0.00277
rrt,L2,E2,15.0,38,"[17, 11, 7]","[18, 10, 7]",1,0.00034,0.4168,1.2,1237.07,0.00256,0.00283
rrt,L2,E2,15.0,39,"[5, 12, 6]","[7, 13, 7]",1,0.00142,1.0934,2.8,3822.75,0.00076,0.00144
rrt,L2,E2,15.0,40,"[14, 4, 23]","[21, 12, 5]",1,0.04403,4.4107,12.0,5127.05,0.0,0.0025
rrt,L2,E2,15.0,41,"[16, 6, 1]","[13, 9, 5]",1,0.00779,2.2527,6.0,5265.5,0.00018,0.0022
rrt,L2,E2,15.0,42,"[0, 10, 5]","[22, 7, 5]",1,0.11935,3.2119,8.8,3532.61,0.00274,0.00317
rrt,L2,E2,15.0,43,"[11, 10, 6]","[8, 12, 7]",1,0.00606,2.1107,5.6,2960.69,0.00196,0.00356
rrt,L2,E2,15.0,44,"[7, 7, 0]","[17, 7, 7]",1,0.02082,4.495,12.0,8516.86,0.0,0.00272
rrt,L2,E2,15.0,45,"[2, 7, 5]","[3, 9, 7]",1,0.00104,0.8852,2.4,1782.6,0.0032,0.00353
rrt,L2,E2,15.0,46,"[19, 9, 4]","[4, 4, 23]",1,0.04996,5.378,14.4,5333.96,0.0,0.00142
rrt,L2,E2,15.0,47,"[15, 10, 4]","[8, 6, 23]",1,0.01578,3.5844,9.6,6062.89,0.0,0.00228
rrt,L2,E2,15.0,48,"[17, 9, 3]","[3, 4, 23]",1,0.02827,5.476,14.8,7463.79,0.0,0.00084
rrt,L2,E2,15.0,49,"[13, 6, 23]","[2, 11, 5]",1,0.03744,5.0893,13.6,6500.0,0.0,0.00218
rrt,L2,E2,15.0,50,"[20, 11, 6]","[9, 10, 5]",1,0.03026,4.0454,10.8,5379.24,0.00309,0.00369
rrt,L2,E2,15.0,51,"[21, 9, 3]","[4, 5, 23]",1,0.04657,6.2095,16.8,8196.28,0.0,0.00119
rrt,L2,E2,15.0,52,"[17, 7, 1]","[21, 12, 6]",1,0.00614,2.9242,8.0,4050.05,0.00054,0.00307
rrt,L2,E2,15.0,53,"[21, 7, 4]","[4, 4, 23]",1,0.05677,6.9854,18.8,9816.09,0.0,0.00115
rrt,L2,E2,15.0,54,"[14, 5, 1]","[16, 9, 6]",1,0.00612,2.4262,6.4,4035.73,1e-05,0.00229
rrt,L2,E2,15.0,55,"[15, 12, 7]","[21, 14, 7]",1,0.00375,1.9973,5.2,4244.2,0.00031,0.00096
rrt,L2,E2,15.0,56,"[3, 13, 7]","[19, 6, 23]",1,0.0323,7.0267,18.8,6435.41,0.0,0.00156
rrt,L2,E2,15.0,57,"[2, 10, 5]","[8, 7, 4]",1,0.00658,2.2318,6.0,3926.37,0.00291,0.00365
rrt,L2,E2,15.0,58,"[9, 5, 0]","[20, 12, 5]",1,0.01754,5.5901,14.8,9285.68,0.0,0.00269
rrt,L2,E2,15.0,59,"[3, 11, 7]","[9, 7, 6]",1,0.00613,2.9194,8.0,3754.77,0.00256,0.00323
rrt,L2,E2,15.0,60,"[10, 7, 1]","[19, 11, 4]",1,0.02084,3.6861,10.0,3859.94,0.0,0.00177
rrt,L2,E2,15.0,61,"[9, 7, 7]","[4, 13, 6]",1,0.00642,2.5785,6.8,3849.61,0.00194,0.00287
rrt,L2,E2,15.0,62,"[18, 7, 4]","[14, 5, 23]",1,0.00581,2.7534,7.6,4646.61,0.0,0.0008
rrt,L2,E2,15.0,63,"[21, 8, 2]","[23, 11, 7]",1,0.01238,3.6105,9.6,4986.64,0.00187,0.00316
rrt,L2,E2,15.0,64,"[12, 5, 1]","[6, 14, 7]",1,0.0166,4.9614,13.2,7312.83,0.0,0.00156
rrt,L2,E2,15.0,65,"[7, 13, 7]","[17, 7, 3]",1,0.01062,4.5092,12.0,7713.55,0.00123,0.00306
rrt,L2,E2,15.0,66,"[0, 10, 7]","[21, 8, 7]",1,0.00221,1.184,3.2,2466.99,0.00292,0.00305
rrt,L2,E2,15.0,67,"[8, 8, 5]","[18, 12, 6]",1,0.01454,3.8784,10.4,7950.4,0.00274,0.00379
rrt,L2,E2,15.0,68,"[8, 7, 0]","[15, 5, 1]",1,0.00616,2.7224,7.2,5908.63,0.0,0.00026
rrt,L2,E2,15.0,69,"[10, 10, 6]","[19, 8, 4]",1,0.02066,3.8477,10.4,2969.61,0.00283,0.00324
rrt,L2,E2,15.0,70,"[8, 11, 4]","[11, 9, 6]",1,0.0018,1.6038,4.4,3453.85,0.00388,0.00414
rrt,L2,E2,15.0,71,"[0, 10, 5]","[4, 7, 5]",1,0.00558,2.3754,6.4,2641.84,0.00283,0.00347
rrt,L2,E2,15.0,72,"[9, 7, 0]","[16, 7, 4]",1,0.00782,3.4371,9.2,6126.32,0.0,0.00159
rrt,L2,E2,15.0,73,"[2, 11, 5]","[2, 9, 6]",1,0.00539,0.983,2.8,1201.32,0.00329,0.0037
rrt,L2,E2,15.0,74,"[20, 4, 23]","[14, 4, 23]",1,0.0056,2.0444,5.6,3256.03,0.00044,0.00073
rrt,L2,E2,15.0,75,"[16, 14, 7]","[21, 10, 4]",1,0.00425,2.5535,6.8,4474.07,0.0002,0.00216
rrt,L2,E2,15.0,76,"[4, 8, 6]","[12, 9, 4]",1,0.01654,3.044,8.0,7327.8,0.00327,0.00374
rrt,L2,E2,15.0,77,"[15, 8, 1]","[13, 7, 4]",1,0.00211,1.0812,2.8,1958.62,0.00086,0.00184
rrt,L2,E2,15.0,78,"[10, 8, 5]","[0, 6, 3]",1,3.14446,6.0467,16.0,11394.76,0.00137,0.00335
rrt,L2,E2,15.0,79,"[19, 12, 5]","[3, 8, 1]",1,0.09729,6.5989,17.6,11036.64,0.00062,0.00263
rrt,L2,E2,15.0,80,"[7, 7, 5]","[18, 8, 5]",1,0.03535,4.4417,12.0,4615.96,0.00286,0.00327
rrt,L2,E2,15.0,81,"[3, 8, 2]","[20, 12, 5]",1,0.0366,4.0624,10.8,6236.29,0.00174,0.00326
rrt,L2,E2,15.0,82,"[17, 10, 3]","[4, 8, 3]",1,0.02833,4.9404,13.2,5528.71,0.00284,0.00383
rrt,L2,E2,15.0,83,"[19, 4, 23]","[17, 12, 6]",1,0.00625,3.5775,9.6,4961.77,0.0,0.00205
rrt,L2,E2,15.0,84,"[13, 10, 7]","[4, 6, 2]",1,0.01179,3.6746,10.0,3572.37,0.00061,0.00228
rrt,L2,E2,15.0,85,"[3, 5, 1]","[5, 9, 4]",1,0.00294,2.0309,5.6,3180.64,0.0,0.00203
rrt,L2,E2,15.0,86,"[15, 5, 0]","[19, 12, 7]",1,0.01422,3.8252,10.4,4550.89,0.0,0.00226
rrt,L2,E2,15.0,87,"[12, 7, 1]","[16, 7, 7]",1,0.00638,2.2342,6.0,2660.03,0.00054,0.00235
rrt,L2,E2,15.0,88,"[5, 7, 5]","[2, 9, 6]",1,0.00235,1.1892,3.2,1834.1,0.00322,0.00364
rrt,L2,E2,15.0,89,"[14, 12, 5]","[11, 9, 2]",1,0.0195,3.477,9.2,6782.39,0.0023,0.00332
rrt,L2,E2,15.0,90,"[0, 9, 2]","[16, 10, 3]",1,0.01266,3.4826,9.2,5236.75,0.0023,0.00383
rrt,L2,E2,15.0,91,"[11, 8, 4]","[13, 8, 1]",1,0.00142,1.0872,2.8,2334.51,0.00086,0.00242
rrt,L2,E2,15.0,92,"[2, 10, 5]","[22, 9, 7]",1,0.00745,2.0608,5.6,3346.33,0.00247,0.00327
rrt,L2,E2,15.0,93,"[9, 6, 23]","[5, 10, 7]",1,0.00745,4.9595,13.2,5709.46,0.0,0.00231
rrt,L2,E2,15.0,94,"[10, 10, 3]","[3, 7, 3]",1,0.31866,4.2454,11.2,5509.29,0.00054,0.00245
rrt,L2,E2,15.0,95,"[3, 10, 6]","[15, 8, 1]",1,0.03314,5.4966,14.8,9776.32,0.00064,0.00303
rrt,L2,E2,15.0,96,"[5, 9, 3]","[11, 7, 0]",1,0.00745,2.7562,7.6,4398.89,0.0,0.00205
rrt,L2,E2,15.0,97,"[12, 14, 7]","[1, 7, 7]",1,0.01609,4.9196,13.2,8258.89,0.00039,0.00276
rrt,L2,E2,15.0,98,"[21, 4, 23]","[16, 6, 3]",1,0.00309,2.346,6.4,3434.16,0.0,0.00067
rrt,L2,E2,15.0,99,"[0, 8, 7]","[21, 4, 23]",1,0.02173,4.2666,11.6,5417.95,0.0,0.00225
rrt,L2,E2,15.0,100,"[8, 7, 6]","[17, 10, 7]",1,0.01152,3.3001,8.8,4238.86,0.00271,0.00331
astar,L1,E3,15.0,1,"[17, 7, 7]","[7, 8, 6]",1,0.00067,3.1416,4.8,8032.38,0.00293,0.0033
astar,L1,E3,15.0,2,"[2, 13, 6]","[14, 8, 4]",1,0.00478,4.9742,7.6,17722.35,0.00186,0.00367
astar,L1,E3,15.0,3,"[19, 9, 7]","[15, 5, 1]",1,0.00075,3.6652,5.6,9995.8,1e-05,0.00248
astar,L1,E3,15.0,4,"[16, 12, 5]","[7, 11, 4]",1,0.00074,2.8798,4.4,9439.62,0.00327,0.00382
astar,L1,E3,15.0,5,"[6, 7, 4]","[22, 14, 7]",1,0.00314,4.7124,7.2,15511.77,0.00042,0.00257
astar,L1,E3,15.0,6,"[14, 8, 4]","[15, 8, 3]",1,0.00017,0.5236,0.8,6028.9,0.00276,0.00304
astar,L1,E3,15.0,7,"[21, 10, 7]","[17, 9, 3]",1,0.00049,2.3562,3.6,5551.1,0.00295,0.00337
astar,L1,E3,15.0,8,"[21, 12, 7]","[11, 5, 1]",1,0.00109,6.0214,9.2,10080.01,1e-05,0.00216
astar,L1,E3,15.0,9,"[9, 6, 3]","[20, 10, 5]",1,0.00599,4.4506,6.8,9039.15,0.00129,0.00277
astar,L1,E3,15.0,10,"[2, 13, 6]","[15, 6, 1]",1,0.00105,6.0214,9.2,9410.26,0.00018,0.00233
astar,L1,E3,15.0,11,"[22, 12, 7]","[10, 6, 1]",1,0.00137,6.2832,9.6,9410.26,0.00018,0.00222
astar,L1,E3,15.0,12,"[9, 7, 2]","[4, 7, 1]",1,0.00037,1.5708,2.4,4988.05,0.00054,0.00126
astar,L1,E3,15.0,13,"[18, 8, 3]","[19, 6, 2]",1,0.00032,1.0472,1.6,6421.08,0.00063,0.00152
astar,L1,E3,15.0,14,"[17, 9, 6]","[12, 12, 7]",1,0.00057,2.3562,3.6,6011.86,0.00197,0.00358
astar,L1,E3,15.0,15,"[8, 6, 1]","[12, 10, 5]",1,0.00138,3.1416,4.8,13148.46,0.00018,0.00312
astar,L1,E3,15.0,16,"[19, 7, 0]","[11, 10, 7]",1,0.00102,4.7124,7.2,14936.08,0.0,0.00194
astar,L1,E3,15.0,17,"[5, 8, 1]","[5, 5, 0]",1,0.00023,1.0472,1.6,4992.97,0.0,0.00033
astar,L1,E3,15.0,18,"[11, 9, 4]","[6, 6, 23]",1,0.00115,3.4034,5.2,7933.6,0.0,0.00253
astar,L1,E3,15.0,19,"[19, 10, 6]","[10, 13, 7]",1,0.00065,3.4034,5.2,7174.72,0.00124,0.00302
astar,L1,E3,15.0,20,"[13, 6, 1]","[18, 12, 7]",1,0.00169,4.4506,6.8,13951.48,0.00018,0.0026
astar,L1,E3,15.0,21,"[12, 6, 3]","[7, 7, 5]",1,0.00038,2.0944,3.2,5372.84,0.00129,0.00178
astar,L1,E3,15.0,22,"[7, 11, 5]","[20, 8, 7]",1,0.00643,4.7124,7.2,7829.69,0.0032,0.00398
astar,L1,E3,15.0,23,"[15, 5, 23]","[12, 8, 2]",1,0.00057,2.3562,3.6,12112.32,0.0,0.0004
astar,L1,E3,15.0,24,"[16, 9, 3]","[13, 14, 7]",1,0.00071,3.1416,4.8,4963.61,0.00042,0.00299
astar,L1,E3,15.0,25,"[20, 10, 6]","[12, 9, 3]",1,0.00069,3.1416,4.8,5556.03,0.00331,0.0038
astar,L1,E3,15.0,26,"[9, 8, 4]","[13, 10, 5]",1,0.00133,1.8326,2.8,5925.19,0.00356,0.00409
astar,L1,E3,15.0,27,"[11, 6, 3]","[17, 10, 5]",1,0.0022,3.1416,4.8,11626.29,0.00137,0.00369
astar,L1,E3,15.0,28,"[15, 6, 0]","[9, 9, 5]",1,0.00081,3.6652,5.6,10120.07,0.0,0.00116
astar,L1,E3,15.0,29,"[3, 8, 6]","[21, 10, 6]",1,0.00319,4.1888,6.4,11703.63,0.00186,0.00251
astar,L1,E3,15.0,30,"[4, 9, 6]","[6, 11, 7]",1,0.0007,1.309,2.0,5746.93,0.00251,0.00291
astar,L1,E3,15.0,31,"[12, 9, 7]","[18, 10, 6]",1,0.00105,2.0944,3.2,6599.34,0.0032,0.00373
astar,L1,E3,15.0,32,"[6, 9, 6]","[8, 11, 7]",1,0.00072,1.309,2.0,5746.93,0.00251,0.00291
astar,L1,E3,15.0,33,"[15, 4, 23]","[15, 9, 4]",1,0.00066,2.618,4.0,13277.96,0.0,0.0014
astar,L1,E3,15.0,34,"[20, 5, 1]","[19, 10, 7]",1,0.00061,3.1416,4.8,10677.35,1e-05,0.00209
astar,L1,E3,15.0,35,"[15, 7, 4]","[4, 10, 5]",1,0.00095,3.927,6.0,9519.42,0.00284,0.00386
astar,L1,E3,15.0,36,"[4, 7, 4]","[12, 7, 1]",1,0.00139,2.8798,4.4,3942.26,0.00048,0.00087
astar,L1,E3,15.0,37,"[21, 7, 7]","[6, 10, 7]",1,0.0014,4.7124,7.2,3942.26,0.00295,0.00301
astar,L1,E3,15.0,38,"[10, 7, 0]","[4, 8, 7]",1,0.00106,3.6652,5.6,10002.67,0.0,0.00154
astar,L1,E3,15.0,39,"[14, 7, 0]","[21, 13, 7]",1,0.00471,5.236,8.0,11106.28,0.0,0.00222
astar,L1,E3,15.0,40,"[10, 7, 1]","[22, 7, 7]",1,0.00462,4.7124,7.2,20961.15,0.00054,0.00269
astar,L1,E3,15.0,41,"[6, 10, 6]","[11, 8, 5]",1,0.00122,2.0944,3.2,5372.84,0.00374,0.00386
astar,L1,E3,15.0,42,"[16, 8, 4]","[5, 5, 0]",1,0.0008,4.7124,7.2,14538.97,0.0,0.00195
astar,L1,E3,15.0,43,"[17, 10, 3]","[9, 11, 6]",1,0.00074,3.1416,4.8,10503.49,0.00336,0.00371
astar,L1,E3,15.0,44,"[6, 5, 0]","[7, 12, 5]",1,0.00127,3.4034,5.2,10679.81,0.0,0.00218
astar,L1,E3,15.0,45,"[8, 8, 2]","[11, 8, 5]",1,0.00054,1.5708,2.4,8037.31,0.00187,0.00338
astar,L1,E3,15.0,46,"[8, 10, 4]","[8, 6, 23]",1,0.00094,2.3562,3.6,8523.03,0.0,0.0019
astar,L1,E3,15.0,47,"[13, 8, 1]","[12, 5, 0]",1,0.00038,1.309,2.0,7062.57,0.0,0.00044
astar,L1,E3,15.0,48,"[11, 9, 6]","[18, 7, 7]",1,0.00117,2.618,4.0,14198.64,0.00293,0.00341
astar,L1,E3,15.0,49,"[8, 9, 3]","[16, 7, 6]",1,0.00236,3.4034,5.2,10855.61,0.00274,0.00346
astar,L1,E3,15.0,50,"[20, 8, 2]","[18, 13, 6]",1,0.00148,2.8798,4.4,4780.42,0.00178,0.00304
astar,L1,E3,15.0,51,"[19, 8, 5]","[5, 8, 7]",1,0.00194,4.1888,6.4,3759.07,0.00314,0.00326
astar,L1,E3,15.0,52,"[8, 8, 6]","[4, 9, 5]",1,0.00041,1.5708,2.4,6599.34,0.00371,0.00381
astar,L1,E3,15.0,53,"[21, 11, 6]","[16, 12, 5]",1,0.00047,1.8326,2.8,6599.34,0.00329,0.00344
astar,L1,E3,15.0,54,"[17, 7, 6]","[3, 10, 6]",1,0.0042,4.4506,6.8,13644.35,0.00331,0.00362
astar,L1,E3,15.0,55,"[6, 9, 3]","[7, 10, 7]",1,0.00176,1.5708,2.4,6599.34,0.00295,0.00356
astar,L1,E3,15.0,56,"[21, 11, 7]","[15, 8, 3]",1,0.00094,3.4034,5.2,8478.56,0.00256,0.00326
astar,L1,E3,15.0,57,"[10, 9, 3]","[12, 12, 5]",1,0.00167,1.8326,2.8,4604.62,0.00328,0.00374
astar,L1,E3,15.0,58,"[12, 10, 5]","[20, 9, 7]",1,0.00212,2.8798,4.4,10411.89,0.00312,0.00342
astar,L1,E3,15.0,59,"[12, 7, 5]","[8, 10, 5]",1,0.00042,1.8326,2.8,3942.26,0.00328,0.00359
astar,L1,E3,15.0,60,"[9, 10, 7]","[2, 14, 7]",1,0.00055,2.8798,4.4,6808.34,0.00042,0.00249
astar,L1,E3,15.0,61,"[8, 9, 2]","[18, 8, 1]",1,0.00128,3.1416,4.8,9439.62,0.00077,0.00177
astar,L1,E3,15.0,62,"[8, 7, 0]","[5, 5, 0]",1,0.00041,1.309,2.0,3764.0,0.0,0.0
astar,L1,E3,15.0,63,"[15, 7, 6]","[4, 10, 7]",1,0.00118,3.927,6.0,9519.42,0.00298,0.00374
astar,L1,E3,15.0,64,"[6, 7, 5]","[17, 7, 3]",1,0.00086,3.4034,5.2,3759.07,0.00211,0.00229
astar,L1,E3,15.0,65,"[12, 9, 7]","[22, 12, 6]",1,0.00201,3.6652,5.6,6011.86,0.00268,0.00296
astar,L1,E3,15.0,66,"[17, 9, 2]","[17, 7, 0]",1,0.00045,1.0472,1.6,10976.04,0.0,0.00112
astar,L1,E3,15.0,67,"[8, 10, 3]","[9, 8, 2]",1,0.00048,1.0472,1.6,6421.08,0.00178,0.0027
astar,L1,E3,15.0,68,"[13, 6, 1]","[17, 7, 0]",1,0.00106,1.5708,2.4,6599.34,0.0,1e-05
astar,L1,E3,15.0,69,"[6, 9, 4]","[5, 6, 0]",1,0.00051,2.0944,3.2,10508.42,0.0,0.00212
astar,L1,E3,15.0,70,"[16, 6, 3]","[10, 10, 6]",1,0.00115,3.4034,5.2,7038.14,0.00129,0.00239
astar,L1,E3,15.0,71,"[14, 7, 3]","[7, 7, 5]",1,0.00059,2.3562,3.6,3759.07,0.00211,0.00233
astar,L1,E3,15.0,72,"[8, 12, 5]","[20, 9, 3]",1,0.00386,4.4506,6.8,4879.41,0.00323,0.00349
astar,L1,E3,15.0,73,"[20, 7, 6]","[13, 9, 4]",1,0.00071,2.8798,4.4,11142.51,0.00336,0.0038
astar,L1,E3,15.0,74,"[17, 12, 7]","[7, 7, 2]",1,0.00122,5.236,8.0,13533.25,0.00133,0.0031
astar,L1,E3,15.0,75,"[15, 7, 2]","[13, 9, 4]",1,0.00051,1.5708,2.4,7913.05,0.00133,0.00244
astar,L1,E3,15.0,76,"[7, 6, 23]","[17, 9, 6]",1,0.0035,5.236,8.0,16572.65,0.0,0.0024
astar,L1,E3,15.0,77,"[5, 11, 5]","[9, 10, 4]",1,0.00078,1.5708,2.4,6599.34,0.00389,0.00411
astar,L1,E3,15.0,78,"[6, 9, 5]","[13, 13, 6]",1,0.00156,3.1416,4.8,6009.39,0.00186,0.00254
astar,L1,E3,15.0,79,"[8, 5, 23]","[15, 12, 5]",1,0.00361,5.236,8.0,18362.22,0.0,0.00272
astar,L1,E3,15.0,80,"[11, 7, 7]","[4, 9, 3]",1,0.00073,3.4034,5.2,13550.81,0.00218,0.00311
astar,L1,E3,15.0,81,"[9, 12, 6]","[20, 8, 4]",1,0.00316,4.4506,6.8,8783.55,0.00274,0.00364
astar,L1,E3,15.0,82,"[6, 10, 6]","[9, 10, 4]",1,0.0005,1.309,2.0,3764.0,0.00375,0.00409
astar,L1,E3,15.0,83,"[11, 10, 5]","[16, 9, 4]",1,0.00089,1.8326,2.8,6599.34,0.00393,0.00402
astar,L1,E3,15.0,84,"[20, 8, 3]","[5, 8, 1]",1,0.00197,4.4506,6.8,3759.07,0.00077,0.00098
astar,L1,E3,15.0,85,"[7, 9, 2]","[19, 10, 4]",1,0.00186,3.927,6.0,9366.11,0.00219,0.00372
astar,L1,E3,15.0,86,"[19, 7, 0]","[17, 8, 5]",1,0.00044,2.0944,3.2,6904.86,0.0,0.00151
astar,L1,E3,15.0,87,"[13, 14, 7]","[16, 8, 6]",1,0.00118,2.618,4.0,12667.14,0.00042,0.00304
astar,L1,E3,15.0,88,"[10, 10, 7]","[12, 7, 1]",1,0.00093,2.8798,4.4,8382.04,0.00054,0.00266
astar,L1,E3,15.0,89,"[12, 7, 4]","[20, 7, 6]",1,0.00091,2.618,4.0,10411.89,0.00285,0.00323
astar,L1,E3,15.0,90,"[4, 7, 2]","[20, 13, 6]",1,0.00154,4.7124,7.2,17085.27,0.00133,0.00275
astar,L1,E3,15.0,91,"[10, 7, 4]","[11, 13, 7]",1,0.00158,2.618,4.0,8967.06,0.00124,0.0031
astar,L1,E3,15.0,92,"[9, 6, 0]","[12, 9, 5]",1,0.00157,2.8798,4.4,9787.34,0.0,0.00245
astar,L1,E3,15.0,93,"[13, 14, 7]","[10, 11, 7]",1,0.00026,1.5708,2.4,3947.19,0.00035,0.00098
astar,L1,E3,15.0,94,"[17, 10, 3]","[16, 13, 6]",1,0.00048,1.8326,2.8,6016.79,0.00194,0.0035
astar,L1,E3,15.0,95,"[6, 11, 6]","[17, 11, 7]",1,0.00063,3.1416,4.8,4988.05,0.00248,0.0026
astar,L1,E3,15.0,96,"[11, 7, 7]","[19, 6, 0]",1,0.00178,4.1888,6.4,13270.25,0.0,0.00108
astar,L1,E3,15.0,97,"[16, 10, 6]","[5, 10, 4]",1,0.00124,3.4034,5.2,11819.13,0.00369,0.00412
astar,L1,E3,15.0,98,"[16, 9, 4]","[16, 12, 6]",1,0.00065,1.309,2.0,3764.0,0.00274,0.00371
astar,L1,E3,15.0,99,"[16, 7, 6]","[13, 11, 4]",1,0.00081,2.3562,3.6,4879.41,0.00291,0.00352
astar,L1,E3,15.0,100,"[20, 6, 23]","[18, 7, 2]",1,0.00044,1.5708,2.4,7271.56,0.0,0.00033
astar,L2,E3,15.0,1,"[17, 7, 7]","[7, 8, 6]",1,0.00607,2.8096,4.0,6054.38,0.0029,0.0031
astar,L2,E3,15.0,2,"[2, 13, 6]","[14, 8, 4]",1,0.05409,3.8502,4.8,11837.22,0.00186,0.00314
astar,L2,E3,15.0,3,"[19, 9, 7]","[15, 5, 1]",1,0.00639,2.3374,2.4,18910.28,1e-05,0.00229
astar,L2,E3,15.0,4,"[16, 12, 5]","[7, 11, 4]",1,0.00357,2.5478,3.6,6054.38,0.00323,0.00344
astar,L2,E3,15.0,5,"[6, 7, 4]","[22, 14, 7]",1,0.00917,3.2565,3.6,14078.95,0.0003,0.0028
astar,L2,E3,15.0,6,"[14, 8, 4]","[15, 8, 3]",1,0.00034,0.3702,0.4,9518.05,0.00285,0.00324
astar,L2,E3,15.0,7,"[21, 10, 7]","[17, 9, 3]",1,0.00094,1.5642,1.6,8893.45,0.00298,0.0038
astar,L2,E3,15.0,8,"[21, 12, 7]","[11, 5, 1]",1,0.02049,3.8763,4.0,13445.28,2e-05,0.00224
astar,L2,E3,15.0,9,"[9, 6, 3]","[20, 10, 5]",1,0.02098,3.48,4.4,17122.02,0.00129,0.00267
astar,L2,E3,15.0,10,"[2, 13, 6]","[15, 6, 1]",1,0.00738,4.0549,4.4,8878.35,0.00018,0.00229
astar,L2,E3,15.0,11,"[22, 12, 7]","[10, 6, 1]",1,0.02877,4.2915,4.8,23545.88,0.00018,0.00304
astar,L2,E3,15.0,12,"[9, 7, 2]","[4, 7, 1]",1,0.00134,1.4174,2.0,4485.18,0.00048,0.00109
astar,L2,E3,15.0,13,"[18, 8, 3]","[19, 6, 2]",1,0.00052,0.7152,0.8,8568.65,0.00069,0.002
astar,L2,E3,15.0,14,"[17, 9, 6]","[12, 12, 7]",1,0.00301,1.7175,2.0,10008.76,0.00197,0.00354
astar,L2,E3,15.0,15,"[8, 6, 1]","[12, 10, 5]",1,0.00124,1.8138,1.6,8747.96,0.00018,0.00255
astar,L2,E3,15.0,16,"[19, 7, 0]","[11, 10, 7]",1,0.00928,3.1031,3.2,15675.04,0.0,0.00271
astar,L2,E3,15.0,17,"[5, 8, 1]","[5, 5, 0]",1,0.00065,0.8938,1.2,5987.32,0.0,0.00039
astar,L2,E3,15.0,18,"[11, 9, 4]","[6, 6, 23]",1,0.00178,2.1008,2.0,9863.27,0.0,0.00138
astar,L2,E3,15.0,19,"[19, 10, 6]","[10, 13, 7]",1,0.00982,2.7647,3.6,12132.77,0.00124,0.00311
astar,L2,E3,15.0,20,"[13, 6, 1]","[18, 12, 7]",1,0.00244,2.6375,2.4,11630.33,0.00018,0.00278
astar,L2,E3,15.0,21,"[12, 6, 3]","[7, 7, 5]",1,0.00164,1.6091,2.0,8386.86,0.00122,0.00257
astar,L2,E3,15.0,22,"[7, 11, 5]","[20, 8, 7]",1,0.04023,3.8951,5.2,6993.99,0.00312,0.00385
astar,L2,E3,15.0,23,"[15, 5, 23]","[12, 8, 2]",1,0.00071,1.3603,1.2,8777.53,0.0,0.00059
astar,L2,E3,15.0,24,"[16, 9, 3]","[13, 14, 7]",1,0.00334,1.9924,2.0,10692.87,0.00042,0.00292
astar,L2,E3,15.0,25,"[20, 10, 6]","[12, 9, 3]",1,0.00843,2.5029,3.2,10810.94,0.00319,0.00387
astar,L2,E3,15.0,26,"[9, 8, 4]","[13, 10, 5]",1,0.00253,1.3473,1.6,5338.13,0.00346,0.00394
astar,L2,E3,15.0,27,"[11, 6, 3]","[17, 10, 5]",1,0.00735,2.171,2.4,15496.78,0.00137,0.00304
astar,L2,E3,15.0,28,"[15, 6, 0]","[9, 9, 5]",1,0.00721,2.3626,2.4,12121.82,0.0,0.00211
astar,L2,E3,15.0,29,"[3, 8, 6]","[21, 10, 6]",1,0.01319,3.2434,4.0,9636.39,0.00117,0.00235
astar,L2,E3,15.0,30,"[4, 9, 6]","[6, 11, 7]",1,0.00122,0.8237,0.8,8093.95,0.00256,0.00351
astar,L2,E3,15.0,31,"[12, 9, 7]","[18, 10, 6]",1,0.00256,1.7624,2.4,9038.95,0.00313,0.00325
astar,L2,E3,15.0,32,"[6, 9, 6]","[8, 11, 7]",1,0.0006,0.8237,0.8,8093.95,0.00256,0.00351
astar,L2,E3,15.0,33,"[15, 4, 23]","[15, 9, 4]",1,0.00183,1.8512,2.0,5831.97,0.0,0.00135
astar,L2,E3,15.0,34,"[20, 5, 1]","[19, 10, 7]",1,0.0038,2.1962,2.4,8836.67,1e-05,0.0025
astar,L2,E3,15.0,35,"[15, 7, 4]","[4, 10, 5]",1,0.0147,3.2883,4.4,11584.5,0.00284,0.00355
astar,L2,E3,15.0,36,"[4, 7, 4]","[12, 7, 1]",1,0.00498,2.4197,3.2,8342.3,0.00048,0.0018
astar,L2,E3,15.0,37,"[21, 7, 7]","[6, 10, 7]",1,0.00737,3.9456,5.2,10221.41,0.00117,0.00233
astar,L2,E3,15.0,38,"[10, 7, 0]","[4, 8, 7]",1,0.00483,2.5665,2.8,6411.75,0.0,0.00222
astar,L2,E3,15.0,39,"[14, 7, 0]","[21, 13, 7]",1,0.00253,3.0909,2.8,10178.53,0.0,0.00255
astar,L2,E3,15.0,40,"[10, 7, 1]","[22, 7, 7]",1,0.02553,3.7922,4.8,8707.48,0.00054,0.00223
astar,L2,E3,15.0,41,"[6, 10, 6]","[11, 8, 5]",1,0.00362,1.6091,2.0,10062.34,0.00366,0.00394
astar,L2,E3,15.0,42,"[16, 8, 4]","[5, 5, 0]",1,0.03367,3.5632,4.4,13946.87,0.0,0.00194
astar,L2,E3,15.0,43,"[17, 10, 3]","[9, 11, 6]",1,0.01125,2.5029,3.2,12987.65,0.00336,0.004
astar,L2,E3,15.0,44,"[6, 5, 0]","[7, 12, 5]",1,0.00691,2.458,2.8,10918.48,0.0,0.00258
astar,L2,E3,15.0,45,"[8, 8, 2]","[11, 8, 5]",1,0.00094,1.1107,1.2,5851.69,0.00187,0.00309
astar,L2,E3,15.0,46,"[8, 10, 4]","[8, 6, 23]",1,0.00226,1.7428,2.0,8719.28,0.0,0.00161
astar,L2,E3,15.0,47,"[13, 8, 1]","[12, 5, 0]",1,0.00098,0.977,1.2,9048.8,0.0,0.00039
astar,L2,E3,15.0,48,"[11, 9, 6]","[18, 7, 7]",1,0.00905,2.1327,2.8,10655.17,0.00298,0.00375
astar,L2,E3,15.0,49,"[8, 9, 3]","[16, 7, 6]",1,0.01426,2.5861,3.2,14818.9,0.00326,0.00339
astar,L2,E3,15.0,50,"[20, 8, 2]","[18, 13, 6]",1,0.00263,1.9092,2.0,8744.23,0.00187,0.00319
astar,L2,E3,15.0,51,"[19, 8, 5]","[5, 8, 7]",1,0.0311,3.8821,5.6,7499.63,0.0032,0.00383
astar,L2,E3,15.0,52,"[8, 8, 6]","[4, 9, 5]",1,0.00384,1.2388,1.6,6054.38,0.00369,0.00391
astar,L2,E3,15.0,53,"[21, 11, 6]","[16, 12, 5]",1,0.00289,1.5006,2.0,6054.38,0.00331,0.00336
astar,L2,E3,15.0,54,"[17, 7, 6]","[3, 10, 6]",1,0.03026,3.7473,4.4,5953.03,0.00186,0.003
astar,L2,E3,15.0,55,"[6, 9, 3]","[7, 10, 7]",1,0.00297,1.2388,1.6,9038.95,0.00298,0.0038
astar,L2,E3,15.0,56,"[21, 11, 7]","[15, 8, 3]",1,0.00711,2.2542,2.4,12491.76,0.00256,0.00347
astar,L2,E3,15.0,57,"[10, 9, 3]","[12, 12, 5]",1,0.0011,1.1687,1.2,6422.45,0.00331,0.00362
astar,L2,E3,15.0,58,"[12, 10, 5]","[20, 9, 7]",1,0.00806,2.3945,3.2,10062.34,0.0032,0.00404
astar,L2,E3,15.0,59,"[12, 7, 5]","[8, 10, 5]",1,0.00138,1.3725,1.6,8531.16,0.00334,0.00399
astar,L2,E3,15.0,60,"[9, 10, 7]","[2, 14, 7]",1,0.00285,2.2664,2.8,9961.73,0.00042,0.00171
astar,L2,E3,15.0,61,"[8, 9, 2]","[18, 8, 1]",1,0.00446,2.8096,4.0,9038.95,0.00086,0.00223
astar,L2,E3,15.0,62,"[8, 7, 0]","[5, 5, 0]",1,0.0009,1.0023,1.2,4674.15,0.0,0.0
astar,L2,E3,15.0,63,"[15, 7, 6]","[4, 10, 7]",1,0.01158,3.2883,4.4,11584.5,0.00298,0.00336
astar,L2,E3,15.0,64,"[6, 7, 5]","[17, 7, 3]",1,0.00591,3.0967,4.4,6862.23,0.0021,0.00311
astar,L2,E3,15.0,65,"[12, 9, 7]","[22, 12, 6]",1,0.01084,3.0265,4.0,7802.69,0.00274,0.00313
astar,L2,E3,15.0,66,"[17, 9, 2]","[17, 7, 0]",1,0.00043,0.7405,0.8,5079.5,0.0,0.00102
astar,L2,E3,15.0,67,"[8, 10, 3]","[9, 8, 2]",1,0.00044,0.7152,0.8,8568.65,0.00188,0.00304
astar,L2,E3,15.0,68,"[13, 6, 1]","[17, 7, 0]",1,0.00187,1.2388,1.6,6054.38,0.0,0.00013
astar,L2,E3,15.0,69,"[6, 9, 4]","[5, 6, 0]",1,0.00191,1.4557,1.6,6416.68,0.0,0.00162
astar,L2,E3,15.0,70,"[16, 6, 3]","[10, 10, 6]",1,0.00591,2.2542,2.4,19415.6,0.00137,0.00339
astar,L2,E3,15.0,71,"[14, 7, 3]","[7, 7, 5]",1,0.0026,2.0495,2.8,6862.23,0.00211,0.00264
astar,L2,E3,15.0,72,"[8, 12, 5]","[20, 9, 3]",1,0.02079,3.6333,4.8,9192.78,0.0032,0.00351
astar,L2,E3,15.0,73,"[20, 7, 6]","[13, 9, 4]",1,0.00611,2.2159,2.8,12271.4,0.0033,0.00371
astar,L2,E3,15.0,74,"[17, 12, 7]","[7, 7, 2]",1,0.02305,3.5762,4.0,18522.7,0.00119,0.00297
astar,L2,E3,15.0,75,"[15, 7, 2]","[13, 9, 4]",1,0.00062,0.9069,0.8,7619.25,0.00133,0.00272
astar,L2,E3,15.0,76,"[7, 6, 23]","[17, 9, 6]",1,0.02327,3.6267,4.0,8652.32,0.0,0.00235
astar,L2,E3,15.0,77,"[5, 11, 5]","[9, 10, 4]",1,0.002,1.2388,1.6,6054.38,0.00381,0.00398
astar,L2,E3,15.0,78,"[6, 9, 5]","[13, 13, 6]",1,0.00733,2.3496,2.8,11766.07,0.00194,0.00349
astar,L2,E3,15.0,79,"[8, 5, 23]","[15, 12, 5]",1,0.00268,3.0909,2.8,11630.33,0.0,0.00224
astar,L2,E3,15.0,80,"[11, 7, 7]","[4, 9, 3]",1,0.00934,2.4328,2.8,15330.41,0.00298,0.0035
astar,L2,E3,15.0,81,"[9, 12, 6]","[20, 8, 4]",1,0.02246,3.48,4.4,9546.84,0.00268,0.00342
astar,L2,E3,15.0,82,"[6, 10, 6]","[9, 10, 4]",1,0.00125,1.0023,1.2,10002.67,0.00375,0.0041
astar,L2,E3,15.0,83,"[11, 10, 5]","[16, 9, 4]",1,0.00317,1.5006,2.0,6143.51,0.00391,0.00408
astar,L2,E3,15.0,84,"[20, 8, 3]","[5, 8, 1]",1,0.01957,4.1439,6.0,7499.63,0.00086,0.00258
astar,L2,E3,15.0,85,"[7, 9, 2]","[19, 10, 4]",1,0.0111,3.4417,4.8,10561.11,0.00219,0.00263
astar,L2,E3,15.0,86,"[19, 7, 0]","[17, 8, 5]",1,0.00289,1.6091,2.0,8386.86,0.0,0.00189
astar,L2,E3,15.0,87,"[13, 14, 7]","[16, 8, 6]",1,0.00413,1.9793,2.4,14479.94,0.00042,0.00294
astar,L2,E3,15.0,88,"[10, 10, 7]","[12, 7, 1]",1,0.00659,2.0625,2.4,7979.33,0.00054,0.00315
astar,L2,E3,15.0,89,"[12, 7, 4]","[20, 7, 6]",1,0.00366,2.3113,3.2,6906.8,0.00285,0.00316
astar,L2,E3,15.0,90,"[4, 7, 2]","[20, 13, 6]",1,0.0057,3.5632,4.4,7206.96,0.00133,0.00249
astar,L2,E3,15.0,91,"[10, 7, 4]","[11, 13, 7]",1,0.00467,1.9793,2.4,7668.14,0.00124,0.00323
astar,L2,E3,15.0,92,"[9, 6, 0]","[12, 9, 5]",1,0.0051,1.8839,2.0,6863.18,0.0,0.00233
astar,L2,E3,15.0,93,"[13, 14, 7]","[10, 11, 7]",1,0.00048,1.1107,1.2,5851.69,0.00042,0.00156
astar,L2,E3,15.0,94,"[17, 10, 3]","[16, 13, 6]",1,0.00071,1.1939,1.2,7376.32,0.00194,0.00335
astar,L2,E3,15.0,95,"[6, 11, 6]","[17, 11, 7]",1,0.00329,2.9882,4.4,5977.47,0.00256,0.00333
astar,L2,E3,15.0,96,"[11, 7, 7]","[19, 6, 0]",1,0.00441,2.9367,3.2,8831.74,0.0,0.00202
astar,L2,E3,15.0,97,"[16, 10, 6]","[5, 10, 4]",1,0.00628,3.0967,4.4,7499.63,0.00369,0.00388
astar,L2,E3,15.0,98,"[16, 9, 4]","[16, 12, 6]",1,0.00097,1.0023,1.2,4674.15,0.00274,0.00378
astar,L2,E3,15.0,99,"[16, 7, 6]","[13, 11, 4]",1,0.00245,1.5389,1.6,14560.05,0.00336,0.00398
astar,L2,E3,15.0,100,"[20, 6, 23]","[18, 7, 2]",1,0.00102,1.0855,1.2,7735.63,0.0,0.00045
rrt,L1,E3,15.0,1,"[17, 7, 7]","[7, 8, 6]",1,0.02322,3.0211,10.0,1608.78,0.00292,0.00353
rrt,L1,E3,15.0,2,"[2, 13, 6]","[14, 8, 4]",1,0.0449,4.4549,15.2,4420.59,0.00194,0.00361
rrt,L1,E3,15.0,3,"[19, 9, 7]","[15, 5, 1]",1,0.02946,3.1128,12.4,3848.04,0.0,0.00216
rrt,L1,E3,15.0,4,"[16, 12, 5]","[7, 11, 4]",1,0.02196,3.156,11.6,3046.24,0.00322,0.00386
rrt,L1,E3,15.0,5,"[6, 7, 4]","[22, 14, 7]",1,0.02554,4.225,16.0,3686.08,0.00031,0.00257
rrt,L1,E3,15.0,6,"[14, 8, 4]","[15, 8, 3]",1,0.00296,0.6796,2.8,598.56,0.00222,0.00278
rrt,L1,E3,15.0,7,"[21, 10, 7]","[17, 9, 3]",1,0.00484,1.9158,7.6,2062.76,0.00298,0.00373
rrt,L1,E3,15.0,8,"[21, 12, 7]","[11, 5, 1]",1,0.03418,5.0742,20.8,3808.74,0.0,0.00239
rrt,L1,E3,15.0,9,"[9, 6, 3]","[20, 10, 5]",1,0.03111,4.3162,15.2,4110.58,0.00137,0.00374
rrt,L1,E3,15.0,10,"[2, 13, 6]","[15, 6, 1]",1,0.02263,5.1642,20.4,4571.58,9e-05,0.00234
rrt,L1,E3,15.0,11,"[22, 12, 7]","[10, 6, 1]",1,0.04771,5.8389,23.6,5073.49,0.0,0.00211
rrt,L1,E3,15.0,12,"[9, 7, 2]","[4, 7, 1]",1,0.00992,1.4611,5.2,856.63,0.00054,0.00091
rrt,L1,E3,15.0,13,"[18, 8, 3]","[19, 6, 2]",1,0.00282,0.9004,3.6,853.71,0.00069,0.00173
rrt,L1,E3,15.0,14,"[17, 9, 6]","[12, 12, 7]",1,0.00987,1.9204,6.8,3055.31,0.00191,0.00275
rrt,L1,E3,15.0,15,"[8, 6, 1]","[12, 10, 5]",1,0.01195,2.7802,11.2,2202.35,0.00018,0.00301
rrt,L1,E3,15.0,16,"[19, 7, 0]","[11, 10, 7]",1,0.02791,4.0802,15.6,4170.4,0.0,0.0029
rrt,L1,E3,15.0,17,"[5, 8, 1]","[5, 5, 0]",1,0.00391,1.0199,3.6,1835.57,0.0,0.00024
rrt,L1,E3,15.0,18,"[11, 9, 4]","[6, 6, 23]",1,0.01357,2.6839,10.8,2200.12,0.0,0.00143
rrt,L1,E3,15.0,19,"[19, 10, 6]","[10, 13, 7]",1,0.01359,3.0826,10.8,2633.12,0.00101,0.00226
rrt,L1,E3,15.0,20,"[13, 6, 1]","[18, 12, 7]",1,0.01465,3.3605,13.6,4072.04,0.00015,0.00281
rrt,L1,E3,15.0,21,"[12, 6, 3]","[7, 7, 5]",1,0.01899,1.9501,7.6,2548.13,0.00104,0.00195
rrt,L1,E3,15.0,22,"[7, 11, 5]","[20, 8, 7]",1,0.25477,6.0244,23.2,5545.6,0.00071,0.00259
rrt,L1,E3,15.0,23,"[15, 5, 23]","[12, 8, 2]",1,0.00657,2.4946,9.6,2226.19,0.0,0.00102
rrt,L1,E3,15.0,24,"[16, 9, 3]","[13, 14, 7]",1,0.00645,2.3287,9.6,2385.65,0.00042,0.00302
rrt,L1,E3,15.0,25,"[20, 10, 6]","[12, 9, 3]",1,0.01141,3.2225,12.0,4147.73,0.00268,0.0037
rrt,L1,E3,15.0,26,"[9, 8, 4]","[13, 10, 5]",1,0.01455,1.6616,6.8,2030.98,0.00356,0.00403
rrt,L1,E3,15.0,27,"[11, 6, 3]","[17, 10, 5]",1,0.01136,2.9785,12.0,3765.72,0.00137,0.00343
rrt,L1,E3,15.0,28,"[15, 6, 0]","[9, 9, 5]",1,0.00881,3.0256,12.4,3961.13,0.0,0.00201
rrt,L1,E3,15.0,29,"[3, 8, 6]","[21, 10, 6]",1,0.36078,7.6597,28.8,5293.69,0.0,0.00271
rrt,L1,E3,15.0,30,"[4, 9, 6]","[6, 11, 7]",1,0.00408,1.2466,4.8,1044.44,0.00253,0.00299
rrt,L1,E3,15.0,31,"[12, 9, 7]","[18, 10, 6]",1,0.02534,2.0996,7.6,2468.09,0.00312,0.00361
rrt,L1,E3,15.0,32,"[6, 9, 6]","[8, 11, 7]",1,0.01181,1.8336,6.4,1016.66,0.00256,0.00335
rrt,L1,E3,15.0,33,"[15, 4, 23]","[15, 9, 4]",1,0.01022,2.465,10.0,2261.69,0.0,0.00125
rrt,L1,E3,15.0,34,"[20, 5, 1]","[19, 10, 7]",1,0.01953,2.7757,10.8,2002.44,0.0,0.0024
rrt,L1,E3,15.0,35,"[15, 7, 4]","[4, 10, 5]",1,0.03854,3.8525,14.0,3500.26,0.00262,0.00385
rrt,L1,E3,15.0,36,"[4, 7, 4]","[12, 7, 1]",1,0.01888,2.5219,8.0,2719.96,0.00054,0.00139
rrt,L1,E3,15.0,37,"[21, 7, 7]","[6, 10, 7]",1,0.05667,6.7112,25.6,4625.34,0.00096,0.00291
rrt,L1,E3,15.0,38,"[10, 7, 0]","[4, 8, 7]",1,0.01907,3.586,14.4,2833.93,0.0,0.00276
rrt,L1,E3,15.0,39,"[14, 7, 0]","[21, 13, 7]",1,0.01865,3.9846,16.0,3135.51,0.0,0.00263
rrt,L1,E3,15.0,40,"[10, 7, 1]","[22, 7, 7]",1,0.02683,4.8772,18.0,4808.24,0.00035,0.00264
rrt,L1,E3,15.0,41,"[6, 10, 6]","[11, 8, 5]",1,0.01777,2.4187,9.6,2502.96,0.003,0.00348
rrt,L1,E3,15.0,42,"[16, 8, 4]","[5, 5, 0]",1,0.04392,4.3018,15.6,3629.77,0.0,0.00074
rrt,L1,E3,15.0,43,"[17, 10, 3]","[9, 11, 6]",1,0.03448,2.9597,10.0,3219.14,0.00317,0.00361
rrt,L1,E3,15.0,44,"[6, 5, 0]","[7, 12, 5]",1,0.01913,3.0912,12.4,2616.15,0.0,0.00229
rrt,L1,E3,15.0,45,"[8, 8, 2]","[11, 8, 5]",1,0.00277,1.512,6.0,1595.56,0.00187,0.00292
rrt,L1,E3,15.0,46,"[8, 10, 4]","[8, 6, 23]",1,0.01578,2.1437,8.0,2240.51,0.0,0.00154
rrt,L1,E3,15.0,47,"[13, 8, 1]","[12, 5, 0]",1,0.00406,1.1298,4.8,1217.13,0.0,0.00032
rrt,L1,E3,15.0,48,"[11, 9, 6]","[18, 7, 7]",1,0.0249,2.6133,9.2,3638.33,0.0026,0.00299
rrt,L1,E3,15.0,49,"[8, 9, 3]","[16, 7, 6]",1,0.01369,3.1084,10.8,2878.42,0.00283,0.00326
rrt,L1,E3,15.0,50,"[20, 8, 2]","[18, 13, 6]",1,0.01215,2.0409,8.4,1931.03,0.00187,0.00328
rrt,L1,E3,15.0,51,"[19, 8, 5]","[5, 8, 7]",1,0.29219,6.0998,22.4,4783.41,0.00164,0.00317
rrt,L1,E3,15.0,52,"[8, 8, 6]","[4, 9, 5]",1,0.00585,1.8746,7.2,2593.8,0.00375,0.00403
rrt,L1,E3,15.0,53,"[21, 11, 6]","[16, 12, 5]",1,0.00822,1.6978,6.0,1246.24,0.00289,0.00313
rrt,L1,E3,15.0,54,"[17, 7, 6]","[3, 10, 6]",1,0.12377,5.9446,22.8,4947.21,0.00144,0.00322
rrt,L1,E3,15.0,55,"[6, 9, 3]","[7, 10, 7]",1,0.00522,1.2718,4.4,1281.78,0.00298,0.00387
rrt,L1,E3,15.0,56,"[21, 11, 7]","[15, 8, 3]",1,0.01097,2.6093,10.4,1833.63,0.00256,0.0035
rrt,L1,E3,15.0,57,"[10, 9, 3]","[12, 12, 5]",1,0.01435,1.5898,6.4,1627.08,0.00325,0.00376
rrt,L1,E3,15.0,58,"[12, 10, 5]","[20, 9, 7]",1,0.01122,2.7018,9.2,2931.69,0.00312,0.00352
rrt,L1,E3,15.0,59,"[12, 7, 5]","[8, 10, 5]",1,0.00478,1.7219,6.8,2538.37,0.00334,0.00392
rrt,L1,E3,15.0,60,"[9, 10, 7]","[2, 14, 7]",1,0.01736,2.531,9.6,2714.63,0.00021,0.0015
rrt,L1,E3,15.0,61,"[8, 9, 2]","[18, 8, 1]",1,0.03405,3.3171,11.6,4094.79,0.00056,0.00117
rrt,L1,E3,15.0,62,"[8, 7, 0]","[5, 5, 0]",1,0.00429,1.2822,4.8,1803.04,0.0,5e-05
rrt,L1,E3,15.0,63,"[15, 7, 6]","[4, 10, 7]",1,0.03244,3.6275,12.8,2241.16,0.00252,0.00291
rrt,L1,E3,15.0,64,"[6, 7, 5]","[17, 7, 3]",1,0.01765,3.6018,12.8,2841.48,0.00171,0.00247
rrt,L1,E3,15.0,65,"[12, 9, 7]","[22, 12, 6]",1,0.02436,3.5661,12.8,3260.85,0.00236,0.00302
rrt,L1,E3,15.0,66,"[17, 9, 2]","[17, 7, 0]",1,1.32272,1.0144,4.0,1241.03,0.0,0.00091
rrt,L1,E3,15.0,67,"[8, 10, 3]","[9, 8, 2]",1,0.00435,1.0323,4.0,815.81,0.00187,0.0033
rrt,L1,E3,15.0,68,"[13, 6, 1]","[17, 7, 0]",1,0.00656,2.3068,9.2,2744.09,0.0,0.00017
rrt,L1,E3,15.0,69,"[6, 9, 4]","[5, 6, 0]",1,0.01447,2.0673,8.4,1489.58,0.0,0.00218
rrt,L1,E3,15.0,70,"[16, 6, 3]","[10, 10, 6]",1,0.02158,3.0191,10.8,2619.76,0.00128,0.00307
rrt,L1,E3,15.0,71,"[14, 7, 3]","[7, 7, 5]",1,0.01097,2.3031,8.8,1854.99,0.00205,0.00264
rrt,L1,E3,15.0,72,"[8, 12, 5]","[20, 9, 3]",1,0.25809,5.4093,21.2,4716.97,0.00049,0.00237
rrt,L1,E3,15.0,73,"[20, 7, 6]","[13, 9, 4]",1,0.0114,2.6165,9.6,2110.57,0.00291,0.00354
rrt,L1,E3,15.0,74,"[17, 12, 7]","[7, 7, 2]",1,0.03489,4.2153,16.8,2853.96,0.00111,0.00305
rrt,L1,E3,15.0,75,"[15, 7, 2]","[13, 9, 4]",1,0.00587,1.1391,4.8,775.45,0.00133,0.00269
rrt,L1,E3,15.0,76,"[7, 6, 23]","[17, 9, 6]",1,0.04011,4.2628,16.8,2756.02,0.0,0.00244
rrt,L1,E3,15.0,77,"[5, 11, 5]","[9, 10, 4]",1,0.00445,1.4897,6.4,2198.05,0.00387,0.00402
rrt,L1,E3,15.0,78,"[6, 9, 5]","[13, 13, 6]",1,0.02059,2.7804,10.8,2819.68,0.00177,0.00342
rrt,L1,E3,15.0,79,"[8, 5, 23]","[15, 12, 5]",1,0.01946,4.1438,16.8,4621.87,0.0,0.00199
rrt,L1,E3,15.0,80,"[11, 7, 7]","[4, 9, 3]",1,0.01621,2.9647,10.8,4469.75,0.00279,0.0036
rrt,L1,E3,15.0,81,"[9, 12, 6]","[20, 8, 4]",1,0.02397,4.2787,17.2,3542.88,0.00246,0.00336
rrt,L1,E3,15.0,82,"[6, 10, 6]","[9, 10, 4]",1,0.00585,1.1199,4.8,741.29,0.00356,0.00397
rrt,L1,E3,15.0,83,"[11, 10, 5]","[16, 9, 4]",1,0.00987,1.5843,5.6,2106.01,0.00382,0.00407
rrt,L1,E3,15.0,84,"[20, 8, 3]","[5, 8, 1]",1,0.1291,6.9184,26.0,5965.71,0.00086,0.00287
rrt,L1,E3,15.0,85,"[7, 9, 2]","[19, 10, 4]",1,0.24668,5.2591,20.8,4571.41,0.00056,0.0026
rrt,L1,E3,15.0,86,"[19, 7, 0]","[17, 8, 5]",1,0.00608,1.7873,6.4,2226.57,0.0,0.00187
rrt,L1,E3,15.0,87,"[13, 14, 7]","[16, 8, 6]",1,0.00465,2.4497,9.6,3422.95,0.00042,0.00275
rrt,L1,E3,15.0,88,"[10, 10, 7]","[12, 7, 1]",1,0.00725,2.5119,10.0,3222.03,0.00051,0.00291
rrt,L1,E3,15.0,89,"[12, 7, 4]","[20, 7, 6]",1,0.03492,2.4999,8.4,1830.9,0.00291,0.00317
rrt,L1,E3,15.0,90,"[4, 7, 2]","[20, 13, 6]",1,0.05336,5.9769,21.2,3062.79,0.00133,0.00292
rrt,L1,E3,15.0,91,"[10, 7, 4]","[11, 13, 7]",1,0.02347,2.1807,7.6,2065.11,0.00123,0.00326
rrt,L1,E3,15.0,92,"[9, 6, 0]","[12, 9, 5]",1,0.00714,2.0303,8.0,1675.99,0.0,0.00189
rrt,L1,E3,15.0,93,"[13, 14, 7]","[10, 11, 7]",1,0.00356,1.5001,6.0,2127.15,0.00042,0.00176
rrt,L1,E3,15.0,94,"[17, 10, 3]","[16, 13, 6]",1,0.01121,1.7767,6.8,2572.85,0.00194,0.00339
rrt,L1,E3,15.0,95,"[6, 11, 6]","[17, 11, 7]",1,0.0543,3.4658,11.6,4147.27,0.00172,0.00241
rrt,L1,E3,15.0,96,"[11, 7, 7]","[19, 6, 0]",1,0.01539,3.6624,14.8,3540.34,0.0,0.00187
rrt,L1,E3,15.0,97,"[16, 10, 6]","[5, 10, 4]",1,0.04199,4.1791,14.8,4554.03,0.00375,0.00392
rrt,L1,E3,15.0,98,"[16, 9, 4]","[16, 12, 6]",1,0.00642,1.3572,5.6,980.01,0.00274,0.00372
rrt,L1,E3,15.0,99,"[16, 7, 6]","[13, 11, 4]",1,0.00974,2.1244,8.4,1998.92,0.00319,0.00383
rrt,L1,E3,15.0,100,"[20, 6, 23]","[18, 7, 2]",1,0.0066,1.6309,6.8,2206.34,0.0,0.00072
rrt,L2,E3,15.0,1,"[17, 7, 7]","[7, 8, 6]",1,0.01275,3.6316,9.6,7145.22,0.00278,0.00355
rrt,L2,E3,15.0,2,"[2, 13, 6]","[14, 8, 4]",1,0.02931,4.8271,12.8,5867.01,0.00194,0.00377
rrt,L2,E3,15.0,3,"[19, 9, 7]","[15, 5, 1]",1,0.01018,2.8783,7.6,4204.43,1e-05,0.00254
rrt,L2,E3,15.0,4,"[16, 12, 5]","[7, 11, 4]",1,0.06266,4.0423,10.8,6113.66,0.00326,0.00369
rrt,L2,E3,15.0,5,"[6, 7, 4]","[22, 14, 7]",1,0.02995,4.037,10.8,4670.88,0.00012,0.00222
rrt,L2,E3,15.0,6,"[14, 8, 4]","[15, 8, 3]",1,0.00291,0.5051,1.6,1253.31,0.00284,0.00305
rrt,L2,E3,15.0,7,"[21, 10, 7]","[17, 9, 3]",1,0.00677,2.1986,6.0,3160.13,0.00298,0.00377
rrt,L2,E3,15.0,8,"[21, 12, 7]","[11, 5, 1]",1,0.01078,4.3392,11.6,5420.49,0.0,0.00241
rrt,L2,E3,15.0,9,"[9, 6, 3]","[20, 10, 5]",1,0.01477,4.2782,11.6,5758.06,0.00137,0.00352
rrt,L2,E3,15.0,10,"[2, 13, 6]","[15, 6, 1]",1,0.01561,6.1499,16.4,11137.01,3e-05,0.00222
rrt,L2,E3,15.0,11,"[22, 12, 7]","[10, 6, 1]",1,0.01323,5.7198,15.2,7597.92,0.0,0.00228
rrt,L2,E3,15.0,12,"[9, 7, 2]","[4, 7, 1]",1,0.00315,2.2541,6.0,4509.46,0.0,0.00034
rrt,L2,E3,15.0,13,"[18, 8, 3]","[19, 6, 2]",1,0.00377,1.5444,4.0,4295.09,0.00027,0.00132
rrt,L2,E3,15.0,14,"[17, 9, 6]","[12, 12, 7]",1,0.00498,2.2099,6.0,3686.85,0.00196,0.00321
rrt,L2,E3,15.0,15,"[8, 6, 1]","[12, 10, 5]",1,0.00698,2.408,6.4,4567.16,0.00015,0.00214
rrt,L2,E3,15.0,16,"[19, 7, 0]","[11, 10, 7]",1,0.01051,3.737,10.0,3572.92,0.0,0.00299
rrt,L2,E3,15.0,17,"[5, 8, 1]","[5, 5, 0]",1,0.00238,0.9762,2.8,1280.49,0.0,0.0004
rrt,L2,E3,15.0,18,"[11, 9, 4]","[6, 6, 23]",1,0.00535,2.7936,7.6,4612.61,0.0,0.00151
rrt,L2,E3,15.0,19,"[19, 10, 6]","[10, 13, 7]",1,0.01148,3.152,8.4,3653.03,0.00123,0.00228
rrt,L2,E3,15.0,20,"[13, 6, 1]","[18, 12, 7]",1,0.01489,4.4358,12.0,5430.01,0.00016,0.00289
rrt,L2,E3,15.0,21,"[12, 6, 3]","[7, 7, 5]",1,0.01916,2.9607,8.0,3480.27,0.00137,0.00335
rrt,L2,E3,15.0,22,"[7, 11, 5]","[20, 8, 7]",1,0.05978,4.7545,12.8,5172.87,0.0031,0.00387
rrt,L2,E3,15.0,23,"[15, 5, 23]","[12, 8, 2]",1,0.00317,1.7538,4.8,2499.82,0.0,0.00045
rrt,L2,E3,15.0,24,"[16, 9, 3]","[13, 14, 7]",1,0.0087,2.3118,6.4,3330.71,0.00042,0.00292
rrt,L2,E3,15.0,25,"[20, 10, 6]","[12, 9, 3]",1,0.01373,3.128,8.4,4730.99,0.00293,0.00369
rrt,L2,E3,15.0,26,"[9, 8, 4]","[13, 10, 5]",1,0.00349,1.6008,4.4,2241.22,0.00356,0.00405
rrt,L2,E3,15.0,27,"[11, 6, 3]","[17, 10, 5]",1,0.00587,2.9708,8.0,4459.02,0.00137,0.00351
rrt,L2,E3,15.0,28,"[15, 6, 0]","[9, 9, 5]",1,0.00786,2.7228,7.2,4286.78,0.0,0.00177
rrt,L2,E3,15.0,29,"[3, 8, 6]","[21, 10, 6]",1,0.10015,7.5519,20.4,9550.14,0.0,0.00184
rrt,L2,E3,15.0,30,"[4, 9, 6]","[6, 11, 7]",1,0.00069,0.9191,2.4,1982.74,0.00256,0.00317
rrt,L2,E3,15.0,31,"[12, 9, 7]","[18, 10, 6]",1,0.01164,2.4693,6.8,3566.0,0.00284,0.00339
rrt,L2,E3,15.0,32,"[6, 9, 6]","[8, 11, 7]",1,0.00078,1.0798,2.8,2564.51,0.00256,0.00319
rrt,L2,E3,15.0,33,"[15, 4, 23]","[15, 9, 4]",1,0.0042,2.5997,6.8,5089.63,0.0,0.00132
rrt,L2,E3,15.0,34,"[20, 5, 1]","[19, 10, 7]",1,0.00626,2.78,7.6,5613.77,0.0,0.00247
rrt,L2,E3,15.0,35,"[15, 7, 4]","[4, 10, 5]",1,0.03009,5.3539,14.4,6172.32,0.0,0.00146
rrt,L2,E3,15.0,36,"[4, 7, 4]","[12, 7, 1]",1,0.01333,3.3153,8.8,4635.2,0.00054,0.0028
rrt,L2,E3,15.0,37,"[21, 7, 7]","[6, 10, 7]",1,0.05692,6.5327,17.6,8720.39,0.00256,0.00347
rrt,L2,E3,15.0,38,"[10, 7, 0]","[4, 8, 7]",1,0.00671,3.2957,8.8,5158.95,0.0,0.00257
rrt,L2,E3,15.0,39,"[14, 7, 0]","[21, 13, 7]",1,0.00622,4.0532,10.8,5138.82,0.0,0.00231
rrt,L2,E3,15.0,40,"[10, 7, 1]","[22, 7, 7]",1,0.39864,6.3343,16.8,8314.61,0.00054,0.00298
rrt,L2,E3,15.0,41,"[6, 10, 6]","[11, 8, 5]",1,0.00391,2.4124,6.4,4835.7,0.0035,0.00395
rrt,L2,E3,15.0,42,"[16, 8, 4]","[5, 5, 0]",1,0.02076,4.5668,12.4,5621.11,0.0,0.0019
rrt,L2,E3,15.0,43,"[17, 10, 3]","[9, 11, 6]",1,0.00543,3.5576,9.6,4941.89,0.00215,0.00341
rrt,L2,E3,15.0,44,"[6, 5, 0]","[7, 12, 5]",1,0.00776,2.8914,7.6,4846.49,0.0,0.00234
rrt,L2,E3,15.0,45,"[8, 8, 2]","[11, 8, 5]",1,0.00407,1.3017,3.6,1734.41,0.00185,0.00294
rrt,L2,E3,15.0,46,"[8, 10, 4]","[8, 6, 23]",1,0.00792,2.4076,6.4,2862.43,0.0,0.00173
rrt,L2,E3,15.0,47,"[13, 8, 1]","[12, 5, 0]",1,0.00223,1.2342,3.2,2715.81,0.0,0.00044
rrt,L2,E3,15.0,48,"[11, 9, 6]","[18, 7, 7]",1,0.00538,2.6708,7.2,5054.15,0.00268,0.00328
rrt,L2,E3,15.0,49,"[8, 9, 3]","[16, 7, 6]",1,0.00707,3.8793,10.4,4009.09,0.00331,0.00399
rrt,L2,E3,15.0,50,"[20, 8, 2]","[18, 13, 6]",1,0.00663,2.6162,7.2,3561.76,0.00187,0.00309
rrt,L2,E3,15.0,51,"[19, 8, 5]","[5, 8, 7]",1,0.07971,5.1925,14.0,5153.76,0.00281,0.00333
rrt,L2,E3,15.0,52,"[8, 8, 6]","[4, 9, 5]",1,0.0092,2.0683,5.6,3545.05,0.00295,0.00366
rrt,L2,E3,15.0,53,"[21, 11, 6]","[16, 12, 5]",1,0.00367,1.9239,5.2,3168.78,0.00194,0.0027
rrt,L2,E3,15.0,54,"[17, 7, 6]","[3, 10, 6]",1,0.20361,6.2629,16.8,7519.96,0.00237,0.00324
rrt,L2,E3,15.0,55,"[6, 9, 3]","[7, 10, 7]",1,0.00218,1.5207,4.0,2865.14,0.00298,0.00382
rrt,L2,E3,15.0,56,"[21, 11, 7]","[15, 8, 3]",1,0.00791,3.2664,8.8,3449.78,0.00141,0.0031
rrt,L2,E3,15.0,57,"[10, 9, 3]","[12, 12, 5]",1,0.00336,1.3805,3.6,3531.12,0.00331,0.00378
rrt,L2,E3,15.0,58,"[12, 10, 5]","[20, 9, 7]",1,0.00967,3.0356,8.0,5218.77,0.0028,0.00348
rrt,L2,E3,15.0,59,"[12, 7, 5]","[8, 10, 5]",1,0.00173,1.5626,4.4,1972.46,0.00334,0.00403
rrt,L2,E3,15.0,60,"[9, 10, 7]","[2, 14, 7]",1,0.03295,3.031,8.0,5842.56,0.00042,0.00195
rrt,L2,E3,15.0,61,"[8, 9, 2]","[18, 8, 1]",1,0.03284,3.4721,9.2,6114.91,0.00086,0.00245
rrt,L2,E3,15.0,62,"[8, 7, 0]","[5, 5, 0]",1,0.00302,1.527,4.0,3946.82,0.0,6e-05
rrt,L2,E3,15.0,63,"[15, 7, 6]","[4, 10, 7]",1,0.01115,3.8938,10.4,4847.13,0.00258,0.00314
rrt,L2,E3,15.0,64,"[6, 7, 5]","[17, 7, 3]",1,0.0186,3.6452,9.6,5793.88,0.0017,0.00255
rrt,L2,E3,15.0,65,"[12, 9, 7]","[22, 12, 6]",1,0.01297,4.5369,12.0,6750.51,0.00131,0.00254
rrt,L2,E3,15.0,66,"[17, 9, 2]","[17, 7, 0]",1,0.00853,1.9967,5.2,4415.89,0.0,0.00114
rrt,L2,E3,15.0,67,"[8, 10, 3]","[9, 8, 2]",1,0.00212,0.9316,2.4,2366.24,0.00187,0.00328
rrt,L2,E3,15.0,68,"[13, 6, 1]","[17, 7, 0]",1,0.00555,2.5882,6.8,6306.13,0.0,0.00141
rrt,L2,E3,15.0,69,"[6, 9, 4]","[5, 6, 0]",1,0.00673,2.1282,5.6,5127.95,0.0,0.00158
rrt,L2,E3,15.0,70,"[16, 6, 3]","[10, 10, 6]",1,0.00878,3.2316,8.8,4766.62,0.00137,0.00292
rrt,L2,E3,15.0,71,"[14, 7, 3]","[7, 7, 5]",1,0.0144,3.5232,9.6,5495.67,0.00218,0.0036
rrt,L2,E3,15.0,72,"[8, 12, 5]","[20, 9, 3]",1,0.01498,4.7039,12.8,6529.53,0.00314,0.00359
rrt,L2,E3,15.0,73,"[20, 7, 6]","[13, 9, 4]",1,0.00556,2.8717,7.6,5715.51,0.00314,0.00359
rrt,L2,E3,15.0,74,"[17, 12, 7]","[7, 7, 2]",1,0.01071,4.2955,11.6,5574.94,0.00119,0.00258
rrt,L2,E3,15.0,75,"[15, 7, 2]","[13, 9, 4]",1,0.0062,1.7913,4.8,1922.62,0.00052,0.00178
rrt,L2,E3,15.0,76,"[7, 6, 23]","[17, 9, 6]",1,0.01105,4.2336,11.2,6930.42,0.0,0.00205
rrt,L2,E3,15.0,77,"[5, 11, 5]","[9, 10, 4]",1,0.006,1.7192,4.8,3139.08,0.00336,0.00381
rrt,L2,E3,15.0,78,"[6, 9, 5]","[13, 13, 6]",1,0.07827,3.0767,8.4,4265.08,0.00194,0.00364
rrt,L2,E3,15.0,79,"[8, 5, 23]","[15, 12, 5]",1,0.0162,4.2977,11.6,6457.2,0.0,0.00246
rrt,L2,E3,15.0,80,"[11, 7, 7]","[4, 9, 3]",1,0.01711,3.5354,9.6,4836.78,0.00255,0.00338
rrt,L2,E3,15.0,81,"[9, 12, 6]","[20, 8, 4]",1,0.01309,5.2643,14.0,10192.53,0.00274,0.00363
rrt,L2,E3,15.0,82,"[6, 10, 6]","[9, 10, 4]",1,0.01093,1.046,2.8,1436.27,0.00353,0.00397
rrt,L2,E3,15.0,83,"[11, 10, 5]","[16, 9, 4]",1,0.0023,1.7766,4.8,2748.71,0.00366,0.00402
rrt,L2,E3,15.0,84,"[20, 8, 3]","[5, 8, 1]",1,0.02772,5.771,15.6,6623.93,0.00086,0.00241
rrt,L2,E3,15.0,85,"[7, 9, 2]","[19, 10, 4]",1,0.029,5.313,14.4,6838.82,0.00224,0.00321
rrt,L2,E3,15.0,86,"[19, 7, 0]","[17, 8, 5]",1,0.00335,2.2339,6.0,3183.8,0.0,0.00205
rrt,L2,E3,15.0,87,"[13, 14, 7]","[16, 8, 6]",1,0.01003,2.2091,6.0,4110.3,0.00042,0.00244
rrt,L2,E3,15.0,88,"[10, 10, 7]","[12, 7, 1]",1,0.00531,2.5299,6.8,3342.97,0.00054,0.00301
rrt,L2,E3,15.0,89,"[12, 7, 4]","[20, 7, 6]",1,0.00819,3.1277,8.4,5321.86,0.00288,0.00329
rrt,L2,E3,15.0,90,"[4, 7, 2]","[20, 13, 6]",1,0.0629,5.2541,14.0,7954.78,0.00131,0.0024
rrt,L2,E3,15.0,91,"[10, 7, 4]","[11, 13, 7]",1,0.00775,2.4496,6.4,4334.64,0.00123,0.00338
rrt,L2,E3,15.0,92,"[9, 6, 0]","[12, 9, 5]",1,0.00448,2.9575,8.0,5326.31,0.0,0.00236
rrt,L2,E3,15.0,93,"[13, 14, 7]","[10, 11, 7]",1,0.00343,1.471,4.0,2881.96,0.00034,0.00144
rrt,L2,E3,15.0,94,"[17, 10, 3]","[16, 13, 6]",1,0.01024,1.2872,3.6,1747.45,0.00194,0.00335
rrt,L2,E3,15.0,95,"[6, 11, 6]","[17, 11, 7]",1,0.01572,3.5416,9.6,3532.67,0.00252,0.00284
rrt,L2,E3,15.0,96,"[11, 7, 7]","[19, 6, 0]",1,0.01327,4.4055,12.0,5483.21,0.0,0.00162
rrt,L2,E3,15.0,97,"[16, 10, 6]","[5, 10, 4]",1,0.01491,3.767,10.0,5212.64,0.00236,0.00338
rrt,L2,E3,15.0,98,"[16, 9, 4]","[16, 12, 6]",1,0.00321,1.2438,3.2,2216.29,0.00274,0.0038
rrt,L2,E3,15.0,99,"[16, 7, 6]","[13, 11, 4]",1,0.00634,1.9845,5.2,3366.05,0.00336,0.00388
rrt,L2,E3,15.0,100,"[20, 6, 23]","[18, 7, 2]",1,0.00377,1.8553,5.2,2562.57,0.0,0.00036
astar,L1,E4,15.0,1,"[16, 9, 4]","[6, 13, 7]",1,0.00163,4.4506,6.8,7745.48,0.00123,0.00365
astar,L1,E4,15.0,2,"[15, 8, 5]","[5, 7, 6]",1,0.00086,3.1416,4.8,6599.34,0.00336,0.00386
astar,L1,E4,15.0,3,"[0, 12, 5]","[20, 6, 0]",1,0.00131,4.9742,7.6,11879.42,0.0,0.0024
astar,L1,E4,15.0,4,"[4, 8, 5]","[15, 8, 1]",1,0.00274,3.927,6.0,8393.83,0.00077,0.00202
astar,L1,E4,15.0,5,"[16, 10, 7]","[8, 9, 7]",1,0.0005,2.3562,3.6,4988.05,0.00295,0.00299
astar,L1,E4,15.0,6,"[14, 5, 23]","[6, 8, 5]",1,0.0012,4.4506,6.8,13909.28,0.0,0.00103
astar,L1,E4,15.0,7,"[21, 7, 7]","[13, 8, 3]",1,0.00098,3.4034,5.2,20477.37,0.00218,0.00314
astar,L1,E4,15.0,8,"[14, 12, 5]","[13, 7, 0]",1,0.00131,2.8798,4.4,8388.91,0.0,0.00261
astar,L1,E4,15.0,9,"[7, 8, 4]","[20, 8, 6]",1,0.00194,3.927,6.0,3759.07,0.00356,0.00375
astar,L1,E4,15.0,10,"[11, 7, 2]","[0, 11, 4]",1,0.0205,6.545,10.0,20524.46,0.00133,0.00305
astar,L1,E4,15.0,11,"[11, 6, 1]","[5, 11, 7]",1,0.0012,4.4506,6.8,20089.54,0.00018,0.00233
astar,L1,E4,15.0,12,"[15, 5, 1]","[12, 12, 5]",1,0.00077,3.6652,5.6,11649.63,0.0,0.00207
astar,L1,E4,15.0,13,"[15, 13, 6]","[10, 13, 7]",1,0.00028,1.5708,2.4,4988.05,0.00124,0.00188
astar,L1,E4,15.0,14,"[3, 13, 6]","[14, 5, 23]",1,0.00198,6.8068,10.4,25486.18,0.0,0.00164
astar,L1,E4,15.0,15,"[10, 10, 3]","[14, 8, 2]",1,0.00078,1.8326,2.8,5372.84,0.00178,0.00235
astar,L1,E4,15.0,16,"[3, 6, 23]","[12, 6, 1]",1,0.00087,2.8798,4.4,4795.21,0.0,0.00017
astar,L1,E4,15.0,17,"[19, 7, 0]","[9, 8, 5]",1,0.00134,4.1888,6.4,8962.34,0.0,0.00141
astar,L1,E4,15.0,18,"[18, 9, 3]","[8, 5, 23]",1,0.00141,4.7124,7.2,7033.21,0.0,0.00236
astar,L1,E4,15.0,19,"[18, 11, 7]","[7, 9, 4]",1,0.00092,4.1888,6.4,15039.79,0.00256,0.00383
astar,L1,E4,15.0,20,"[19, 7, 7]","[11, 9, 5]",1,0.0006,3.1416,4.8,11447.5,0.00293,0.0032
astar,L1,E4,15.0,21,"[14, 8, 6]","[11, 7, 0]",1,0.00123,2.618,4.0,7442.43,0.0,0.0019
astar,L1,E4,15.0,22,"[16, 11, 4]","[23, 13, 6]",1,0.00112,2.8798,4.4,4696.22,0.00186,0.00242
astar,L1,E4,15.0,23,"[7, 7, 3]","[14, 7, 3]",1,0.00043,1.8326,2.8,2915.99,0.00218,0.00218
astar,L1,E4,15.0,24,"[18, 11, 6]","[14, 11, 6]",1,0.00027,1.0472,1.6,2915.99,0.00336,0.00336
astar,L1,E4,15.0,25,"[20, 6, 1]","[14, 7, 6]",1,0.00117,3.1416,4.8,8929.47,0.00018,0.00174
astar,L1,E4,15.0,26,"[9, 9, 4]","[21, 5, 23]",1,0.00515,5.4978,8.4,12666.05,0.0,0.00078
astar,L1,E4,15.0,27,"[15, 9, 3]","[21, 6, 0]",1,0.00175,3.1416,4.8,13916.67,0.0,0.0007
astar,L1,E4,15.0,28,"[6, 8, 4]","[11, 11, 6]",1,0.00215,2.618,4.0,9147.79,0.00331,0.00371
astar,L1,E4,15.0,29,"[10, 9, 3]","[20, 12, 5]",1,0.00291,3.927,6.0,11153.21,0.00323,0.00351
astar,L1,E4,15.0,30,"[14, 10, 3]","[13, 9, 3]",1,0.00013,0.5236,0.8,6028.9,0.00331,0.0035
astar,L1,E4,15.0,31,"[12, 6, 1]","[0, 11, 7]",1,0.02684,7.0686,10.8,23079.77,0.00018,0.00235
astar,L1,E4,15.0,32,"[17, 7, 0]","[5, 10, 6]",1,0.00118,5.4978,8.4,8684.57,0.0,0.0011
astar,L1,E4,15.0,33,"[20, 9, 7]","[5, 4, 23]",1,0.00492,7.3304,11.2,14151.14,0.0,0.00232
astar,L1,E4,15.0,34,"[19, 8, 7]","[4, 7, 4]",1,0.00333,4.9742,7.6,7658.29,0.00286,0.00304
astar,L1,E4,15.0,35,"[5, 7, 6]","[5, 10, 5]",1,0.00033,1.0472,1.6,4992.97,0.00331,0.00379
astar,L1,E4,15.0,36,"[21, 13, 7]","[16, 9, 3]",1,0.00076,3.4034,5.2,4958.69,0.00117,0.00239
astar,L1,E4,15.0,37,"[18, 7, 1]","[7, 9, 4]",1,0.0013,4.1888,6.4,5903.22,0.00048,0.00285
astar,L1,E4,15.0,38,"[14, 8, 5]","[4, 10, 5]",1,0.00088,3.1416,4.8,3759.07,0.00385,0.00392
astar,L1,E4,15.0,39,"[19, 7, 6]","[16, 9, 6]",1,0.00029,1.309,2.0,3764.0,0.00331,0.00349
astar,L1,E4,15.0,40,"[11, 14, 7]","[17, 7, 6]",1,0.00272,3.6652,5.6,5551.1,0.00042,0.00286
astar,L1,E4,15.0,41,"[18, 9, 2]","[15, 7, 1]",1,0.00031,1.5708,2.4,5930.12,0.00054,0.00192
astar,L1,E4,15.0,42,"[7, 7, 5]","[8, 10, 3]",1,0.00086,1.5708,2.4,5833.6,0.00218,0.00304
astar,L1,E4,15.0,43,"[10, 9, 5]","[4, 12, 7]",1,0.00066,2.8798,4.4,9730.35,0.00196,0.0036
astar,L1,E4,15.0,44,"[1, 14, 7]","[16, 10, 7]",1,0.00072,3.4034,5.2,8393.83,0.00034,0.00136
astar,L1,E4,15.0,45,"[15, 10, 7]","[11, 9, 4]",1,0.00043,2.0944,3.2,5556.03,0.00295,0.00333
astar,L1,E4,15.0,46,"[21, 5, 1]","[12, 13, 6]",1,0.00128,5.7596,8.8,25924.23,0.0,0.00162
astar,L1,E4,15.0,47,"[21, 5, 23]","[8, 5, 1]",1,0.00082,3.927,6.0,3759.07,0.0,0.0005
astar,L1,E4,15.0,48,"[3, 9, 5]","[19, 7, 1]",1,0.00401,5.7596,8.8,4780.42,0.00048,0.00112
astar,L1,E4,15.0,49,"[4, 14, 7]","[12, 9, 2]",1,0.00581,4.7124,7.2,8003.02,0.00042,0.00295
astar,L1,E4,15.0,50,"[16, 8, 4]","[19, 7, 6]",1,0.00083,1.5708,2.4,5930.12,0.00291,0.0033
astar,L1,E4,15.0,51,"[9, 9, 4]","[8, 10, 6]",1,0.00035,1.0472,1.6,6975.9,0.00375,0.00398
astar,L1,E4,15.0,52,"[7, 7, 0]","[21, 6, 1]",1,0.0038,4.1888,6.4,6599.34,0.0,0.0002
astar,L1,E4,15.0,53,"[4, 10, 3]","[4, 10, 7]",1,0.00038,1.0472,1.6,2915.99,0.00298,0.00383
astar,L1,E4,15.0,54,"[19, 8, 2]","[13, 7, 5]",1,0.00111,2.618,4.0,5556.03,0.00132,0.00202
astar,L1,E4,15.0,55,"[7, 10, 4]","[15, 7, 0]",1,0.00386,3.927,6.0,4963.61,0.0,0.00111
astar,L1,E4,15.0,56,"[21, 6, 3]","[19, 12, 5]",1,0.00086,2.618,4.0,6862.34,0.00137,0.00312
astar,L1,E4,15.0,57,"[4, 10, 4]","[9, 9, 4]",1,0.00058,1.5708,2.4,4988.05,0.00395,0.00399
astar,L1,E4,15.0,58,"[17, 12, 6]","[7, 8, 2]",1,0.0012,4.7124,7.2,4958.69,0.00187,0.00304
astar,L1,E4,15.0,59,"[19, 7, 7]","[19, 9, 2]",1,0.00057,1.8326,2.8,3759.07,0.00132,0.00252
astar,L1,E4,15.0,60,"[11, 7, 2]","[12, 7, 2]",1,0.0002,0.2618,0.4,4759.02,0.00133,0.00133
astar,L1,E4,15.0,61,"[5, 10, 7]","[14, 8, 7]",1,0.00076,2.8798,4.4,3759.07,0.00298,0.00319
astar,L1,E4,15.0,62,"[11, 6, 23]","[20, 14, 7]",1,0.00329,6.545,10.0,22374.68,0.0,0.00171
astar,L1,E4,15.0,63,"[13, 8, 3]","[6, 6, 0]",1,0.00062,3.1416,4.8,10773.35,0.0,0.00136
astar,L1,E4,15.0,64,"[11, 12, 7]","[16, 14, 7]",1,0.0006,1.8326,2.8,3759.07,0.00035,0.00065
astar,L1,E4,15.0,65,"[17, 11, 4]","[17, 9, 4]",1,0.00015,0.5236,0.8,2539.75,0.00398,0.00405
astar,L1,E4,15.0,66,"[12, 7, 3]","[0, 7, 6]",1,0.02283,7.0686,10.8,16624.19,0.00186,0.00309
astar,L1,E4,15.0,67,"[8, 8, 2]","[13, 9, 4]",1,0.00129,2.0944,3.2,5372.84,0.00187,0.00365
astar,L1,E4,15.0,68,"[10, 11, 5]","[20, 9, 7]",1,0.00232,3.6652,5.6,12297.98,0.00312,0.00368
astar,L1,E4,15.0,69,"[17, 8, 7]","[12, 10, 6]",1,0.00047,2.0944,3.2,5372.84,0.00313,0.00339
astar,L1,E4,15.0,70,"[5, 14, 7]","[15, 8, 2]",1,0.00436,5.4978,8.4,12930.98,0.00042,0.00284
astar,L1,E4,15.0,71,"[4, 13, 6]","[21, 9, 6]",1,0.00188,3.4034,5.2,10590.16,0.00186,0.00253
astar,L1,E4,15.0,72,"[15, 13, 6]","[3, 12, 5]",1,0.00057,3.6652,5.6,6902.4,0.00186,0.00225
astar,L1,E4,15.0,73,"[18, 10, 4]","[17, 9, 4]",1,0.00016,0.5236,0.8,6028.9,0.00398,0.00409
astar,L1,E4,15.0,74,"[0, 10, 6]","[19, 5, 1]",1,0.00144,5.4978,8.4,14249.61,1e-05,0.00251
astar,L1,E4,15.0,75,"[9, 8, 5]","[12, 9, 3]",1,0.00096,1.5708,2.4,5377.76,0.00284,0.00333
astar,L1,E4,15.0,76,"[16, 12, 5]","[21, 6, 1]",1,0.00347,3.927,6.0,9636.5,0.00015,0.00196
astar,L1,E4,15.0,77,"[0, 9, 5]","[8, 11, 4]",1,0.00207,4.4506,6.8,9795.57,0.00186,0.00305
astar,L1,E4,15.0,78,"[0, 10, 7]","[7, 7, 1]",1,0.00283,5.7596,8.8,17313.65,0.00048,0.00228
astar,L1,E4,15.0,79,"[5, 6, 23]","[13, 9, 4]",1,0.00116,4.1888,6.4,13364.31,0.0,0.00273
astar,L1,E4,15.0,80,"[21, 10, 5]","[17, 7, 7]",1,0.00056,2.3562,3.6,4782.89,0.00298,0.00389
astar,L1,E4,15.0,81,"[8, 10, 6]","[20, 14, 7]",1,0.00186,4.4506,6.8,9107.73,0.00042,0.00223
astar,L1,E4,15.0,82,"[19, 10, 6]","[11, 9, 2]",1,0.00075,3.4034,5.2,5551.1,0.0023,0.00372
astar,L1,E4,15.0,83,"[10, 4, 23]","[20, 10, 3]",1,0.00256,5.236,8.0,11609.57,0.0,0.00235
astar,L1,E4,15.0,84,"[14, 6, 0]","[21, 7, 5]",1,0.00286,3.4034,5.2,9152.72,0.0,0.00222
astar,L1,E4,15.0,85,"[9, 11, 5]","[4, 7, 2]",1,0.00066,3.1416,4.8,4963.61,0.00133,0.00356
astar,L1,E4,15.0,86,"[19, 12, 6]","[4, 7, 6]",1,0.00215,4.1888,6.4,6981.67,0.00186,0.0026
astar,L1,E4,15.0,87,"[17, 13, 6]","[9, 6, 0]",1,0.00097,5.4978,8.4,8196.07,0.0,0.00228
astar,L1,E4,15.0,88,"[11, 10, 3]","[12, 7, 3]",1,0.00028,1.0472,1.6,4992.97,0.00211,0.00281
astar,L1,E4,15.0,89,"[16, 8, 7]","[17, 7, 5]",1,0.00032,1.0472,1.6,6975.9,0.00297,0.00324
astar,L1,E4,15.0,90,"[17, 9, 2]","[19, 8, 2]",1,0.00023,0.7854,1.2,4809.78,0.00183,0.00195
astar,L1,E4,15.0,91,"[15, 6, 23]","[9, 10, 4]",1,0.00105,3.927,6.0,9544.37,0.0,0.00121
astar,L1,E4,15.0,92,"[19, 7, 1]","[6, 4, 23]",1,0.00111,4.7124,7.2,6223.31,0.0,0.00071
astar,L1,E4,15.0,93,"[14, 7, 7]","[6, 8, 1]",1,0.00124,3.927,6.0,6009.39,0.00053,0.00263
astar,L1,E4,15.0,94,"[0, 8, 6]","[6, 7, 6]",1,0.00102,4.4506,6.8,9410.26,0.00186,0.00295
astar,L1,E4,15.0,95,"[0, 10, 6]","[13, 7, 4]",1,0.00126,5.7596,8.8,10270.59,0.00186,0.00265
astar,L1,E4,15.0,96,"[16, 10, 5]","[18, 12, 7]",1,0.00096,1.5708,2.4,4517.96,0.0019,0.00273
astar,L1,E4,15.0,97,"[20, 11, 6]","[21, 4, 23]",1,0.00124,3.927,6.0,11396.17,0.0,0.00202
astar,L1,E4,15.0,98,"[21, 12, 7]","[14, 6, 23]",1,0.00107,5.4978,8.4,16001.89,0.0,0.0025
astar,L1,E4,15.0,99,"[12, 5, 23]","[5, 8, 7]",1,0.00124,4.7124,7.2,17597.56,0.0,0.00108
astar,L1,E4,15.0,100,"[19, 10, 5]","[19, 7, 6]",1,0.0003,1.0472,1.6,4992.97,0.00331,0.0038
astar,L2,E4,15.0,1,"[16, 9, 4]","[6, 13, 7]",1,0.02226,3.3014,4.0,10848.64,0.00116,0.00295
astar,L2,E4,15.0,2,"[15, 8, 5]","[5, 7, 6]",1,0.00681,2.8096,4.0,9038.95,0.00336,0.00386
astar,L2,E4,15.0,3,"[0, 12, 5]","[20, 6, 0]",1,0.00347,3.3649,3.6,9551.84,0.0,0.00219
astar,L2,E4,15.0,4,"[4, 8, 5]","[15, 8, 1]",1,0.01496,3.3136,4.4,9866.93,0.00077,0.00274
astar,L2,E4,15.0,5,"[16, 10, 7]","[8, 9, 7]",1,0.00166,2.2028,3.2,4485.18,0.00295,0.00302
astar,L2,E4,15.0,6,"[14, 5, 23]","[6, 8, 5]",1,0.01155,2.9947,3.2,8291.29,0.0,0.00211
astar,L2,E4,15.0,7,"[21, 7, 7]","[13, 8, 3]",1,0.00905,2.6114,3.2,16859.45,0.00284,0.00319
astar,L2,E4,15.0,8,"[14, 12, 5]","[13, 7, 0]",1,0.00104,1.9344,2.0,7445.74,0.0,0.00248
astar,L2,E4,15.0,9,"[7, 8, 4]","[20, 8, 6]",1,0.02307,3.6203,5.2,3853.13,0.00352,0.00362
astar,L2,E4,15.0,10,"[11, 7, 2]","[0, 11, 4]",1,0.09975,4.4252,4.8,13139.03,0.00133,0.00279
astar,L2,E4,15.0,11,"[11, 6, 1]","[5, 11, 7]",1,0.00159,2.6375,2.4,11630.33,0.00018,0.00289
astar,L2,E4,15.0,12,"[15, 5, 1]","[12, 12, 5]",1,0.00908,2.516,2.8,16877.86,2e-05,0.00233
astar,L2,E4,15.0,13,"[15, 13, 6]","[10, 13, 7]",1,0.00084,1.4174,2.0,5977.47,0.00124,0.00187
astar,L2,E4,15.0,14,"[3, 13, 6]","[14, 5, 23]",1,0.01886,4.3298,4.4,11788.67,0.0,0.00196
astar,L2,E4,15.0,15,"[10, 10, 3]","[14, 8, 2]",1,0.00218,1.3473,1.6,6275.59,0.00174,0.00246
astar,L2,E4,15.0,16,"[3, 6, 23]","[12, 6, 1]",1,0.00278,2.5731,3.6,7499.63,0.0,0.00012
astar,L2,E4,15.0,17,"[19, 7, 0]","[9, 8, 5]",1,0.01693,3.2434,4.0,17156.31,0.0,0.00171
astar,L2,E4,15.0,18,"[18, 9, 3]","[8, 5, 23]",1,0.0168,3.3846,4.0,18567.69,0.0,0.00137
astar,L2,E4,15.0,19,"[18, 11, 7]","[7, 9, 4]",1,0.0211,3.3715,4.4,9190.31,0.00243,0.00315
astar,L2,E4,15.0,20,"[19, 7, 7]","[11, 9, 5]",1,0.00718,2.4777,3.2,12271.4,0.0029,0.00344
astar,L2,E4,15.0,21,"[14, 8, 6]","[11, 7, 0]",1,0.00448,1.9793,2.4,8397.14,0.0,0.00235
astar,L2,E4,15.0,22,"[16, 11, 4]","[23, 13, 6]",1,0.00458,2.2159,2.8,9103.64,0.00179,0.00299
astar,L2,E4,15.0,23,"[7, 7, 3]","[14, 7, 3]",1,0.00147,1.8326,2.8,2915.99,0.00218,0.00218
astar,L2,E4,15.0,24,"[18, 11, 6]","[14, 11, 6]",1,0.00098,1.0472,1.6,2915.99,0.00336,0.00336
astar,L2,E4,15.0,25,"[20, 6, 1]","[14, 7, 6]",1,0.00223,2.1962,2.4,10328.11,0.00018,0.00222
astar,L2,E4,15.0,26,"[9, 9, 4]","[21, 5, 23]",1,0.04398,4.0166,4.8,15390.19,0.0,0.00171
astar,L2,E4,15.0,27,"[15, 9, 3]","[21, 6, 0]",1,0.0057,2.1457,2.4,19920.93,0.0,0.00118
astar,L2,E4,15.0,28,"[6, 8, 4]","[11, 11, 6]",1,0.00511,1.8007,2.0,18495.28,0.00336,0.00404
astar,L2,E4,15.0,29,"[10, 9, 3]","[20, 12, 5]",1,0.01264,3.1097,4.0,11708.45,0.00323,0.00364
astar,L2,E4,15.0,30,"[14, 10, 3]","[13, 9, 3]",1,0.00024,0.3702,0.4,9518.05,0.00331,0.00345
astar,L2,E4,15.0,31,"[12, 6, 1]","[0, 11, 7]",1,0.11328,4.7702,5.2,17477.71,0.00018,0.00232
astar,L2,E4,15.0,32,"[17, 7, 0]","[5, 10, 6]",1,0.03829,4.0419,4.8,15442.04,0.0,0.00202
astar,L2,E4,15.0,33,"[20, 9, 7]","[5, 4, 23]",1,0.0664,5.2106,6.0,19551.45,0.0,0.00213
astar,L2,E4,15.0,34,"[19, 8, 7]","[4, 7, 4]",1,0.04063,4.3355,6.0,10810.94,0.00278,0.00334
astar,L2,E4,15.0,35,"[5, 7, 6]","[5, 10, 5]",1,0.00092,0.8938,1.2,4450.47,0.00336,0.0039
astar,L2,E4,15.0,36,"[21, 13, 7]","[16, 9, 3]",1,0.00198,2.0756,2.0,6769.12,0.00123,0.00325
astar,L2,E4,15.0,37,"[18, 7, 1]","[7, 9, 4]",1,0.01758,3.3715,4.4,12333.11,0.00048,0.00164
astar,L2,E4,15.0,38,"[14, 8, 5]","[4, 10, 5]",1,0.00545,2.8349,4.0,7499.63,0.00385,0.00399
astar,L2,E4,15.0,39,"[19, 7, 6]","[16, 9, 6]",1,0.0007,1.0023,1.2,4674.15,0.00336,0.00375
astar,L2,E4,15.0,40,"[11, 14, 7]","[17, 7, 6]",1,0.00343,2.5665,2.8,10283.54,0.00042,0.0025
astar,L2,E4,15.0,41,"[18, 9, 2]","[15, 7, 1]",1,0.00099,1.0855,1.2,13064.15,0.00054,0.00105
astar,L2,E4,15.0,42,"[7, 7, 5]","[8, 10, 3]",1,0.00148,1.0855,1.2,7735.63,0.00334,0.00377
astar,L2,E4,15.0,43,"[10, 9, 5]","[4, 12, 7]",1,0.00585,2.0625,2.4,11367.02,0.00197,0.00359
astar,L2,E4,15.0,44,"[1, 14, 7]","[16, 10, 7]",1,0.00251,2.79,3.6,7579.01,0.00034,0.00176
astar,L2,E4,15.0,45,"[15, 10, 7]","[11, 9, 4]",1,0.00186,1.4557,1.6,10100.35,0.00298,0.00389
astar,L2,E4,15.0,46,"[21, 5, 1]","[12, 13, 6]",1,0.01128,3.6398,3.6,17284.72,2e-05,0.00278
astar,L2,E4,15.0,47,"[21, 5, 23]","[8, 5, 1]",1,0.00555,3.6203,5.2,7499.63,0.0,0.00041
astar,L2,E4,15.0,48,"[3, 9, 5]","[19, 7, 1]",1,0.05517,4.789,6.4,13949.34,0.00045,0.00326
astar,L2,E4,15.0,49,"[4, 14, 7]","[12, 9, 2]",1,0.00668,3.0526,3.2,6853.32,0.00042,0.00262
astar,L2,E4,15.0,50,"[16, 8, 4]","[19, 7, 6]",1,0.00111,1.0855,1.2,6198.78,0.00329,0.00357
astar,L2,E4,15.0,51,"[9, 9, 4]","[8, 10, 6]",1,0.00073,0.7152,0.8,8568.65,0.00375,0.00403
astar,L2,E4,15.0,52,"[7, 7, 0]","[21, 6, 1]",1,0.02681,3.8568,5.6,6143.51,0.0,5e-05
astar,L2,E4,15.0,53,"[4, 10, 3]","[4, 10, 7]",1,0.00084,1.0472,1.6,2915.99,0.00298,0.00383
astar,L2,E4,15.0,54,"[19, 8, 2]","[13, 7, 5]",1,0.00636,1.9793,2.4,12397.28,0.00178,0.00266
astar,L2,E4,15.0,55,"[7, 10, 4]","[15, 7, 0]",1,0.01438,2.7778,3.2,11520.33,0.0,0.00218
astar,L2,E4,15.0,56,"[21, 6, 3]","[19, 12, 5]",1,0.00512,1.9541,2.4,10808.48,0.00137,0.00322
astar,L2,E4,15.0,57,"[4, 10, 4]","[9, 9, 4]",1,0.00258,1.4174,2.0,4485.18,0.00395,0.00402
astar,L2,E4,15.0,58,"[17, 12, 6]","[7, 8, 2]",1,0.01779,3.3846,4.0,19797.51,0.00188,0.00352
astar,L2,E4,15.0,59,"[19, 7, 7]","[19, 9, 2]",1,0.00208,1.5259,2.0,7455.07,0.0023,0.00327
astar,L2,E4,15.0,60,"[11, 7, 2]","[12, 7, 2]",1,0.00034,0.2618,0.4,4759.02,0.00133,0.00133
astar,L2,E4,15.0,61,"[5, 10, 7]","[14, 8, 7]",1,0.00439,2.5731,3.6,7499.63,0.00298,0.00319
astar,L2,E4,15.0,62,"[11, 6, 23]","[20, 14, 7]",1,0.00437,3.8894,3.6,14512.71,0.0,0.00202
astar,L2,E4,15.0,63,"[13, 8, 3]","[6, 6, 0]",1,0.0073,2.3243,2.8,8387.39,0.0,0.00111
astar,L2,E4,15.0,64,"[11, 12, 7]","[16, 14, 7]",1,0.00117,1.5259,2.0,8448.57,0.00034,0.00091
astar,L2,E4,15.0,65,"[17, 11, 4]","[17, 9, 4]",1,0.00042,0.5236,0.8,2539.75,0.00398,0.00405
astar,L2,E4,15.0,66,"[12, 7, 3]","[0, 7, 6]",1,0.11472,5.4593,6.8,15927.01,0.00176,0.00324
astar,L2,E4,15.0,67,"[8, 8, 2]","[13, 9, 4]",1,0.00343,1.6091,2.0,5424.79,0.00174,0.00278
astar,L2,E4,15.0,68,"[10, 11, 5]","[20, 9, 7]",1,0.01398,3.0013,4.0,4706.08,0.00313,0.00377
astar,L2,E4,15.0,69,"[17, 8, 7]","[12, 10, 6]",1,0.00287,1.6091,2.0,8386.86,0.00312,0.00364
astar,L2,E4,15.0,70,"[5, 14, 7]","[15, 8, 2]",1,0.01634,3.6847,4.0,15819.86,0.00042,0.00304
astar,L2,E4,15.0,71,"[4, 13, 6]","[21, 9, 6]",1,0.00729,2.9433,4.0,6254.96,0.00186,0.00244
astar,L2,E4,15.0,72,"[15, 13, 6]","[3, 12, 5]",1,0.00694,3.3332,4.8,6143.51,0.00179,0.00223
astar,L2,E4,15.0,73,"[18, 10, 4]","[17, 9, 4]",1,0.00032,0.3702,0.4,9518.05,0.00398,0.00406
astar,L2,E4,15.0,74,"[0, 10, 6]","[19, 5, 1]",1,0.00822,4.0419,4.8,11642.98,1e-05,0.00247
astar,L2,E4,15.0,75,"[9, 8, 5]","[12, 9, 3]",1,0.00153,1.0855,1.2,7735.63,0.00331,0.00369
astar,L2,E4,15.0,76,"[16, 12, 5]","[21, 6, 1]",1,0.00469,2.4458,2.4,13660.29,0.00018,0.00247
astar,L2,E4,15.0,77,"[0, 9, 5]","[8, 11, 4]",1,0.00471,3.4547,4.4,7341.19,0.0018,0.00296
astar,L2,E4,15.0,78,"[0, 10, 7]","[7, 7, 1]",1,0.00403,3.7679,4.0,15395.75,0.00054,0.00253
astar,L2,E4,15.0,79,"[5, 6, 23]","[13, 9, 4]",1,0.01294,2.8862,3.2,18743.91,0.0,0.00098
astar,L2,E4,15.0,80,"[21, 10, 5]","[17, 7, 7]",1,0.00222,1.5389,1.6,14560.05,0.00298,0.00375
astar,L2,E4,15.0,81,"[8, 10, 6]","[20, 14, 7]",1,0.02397,3.6586,4.8,14559.32,0.00042,0.00297
astar,L2,E4,15.0,82,"[19, 10, 6]","[11, 9, 2]",1,0.01002,2.6114,3.2,14776.79,0.0023,0.00372
astar,L2,E4,15.0,83,"[10, 4, 23]","[20, 10, 3]",1,0.01406,3.6015,4.0,25696.79,0.0,0.00116
astar,L2,E4,15.0,84,"[14, 6, 0]","[21, 7, 5]",1,0.00592,2.458,2.8,11669.55,0.0,0.00148
astar,L2,E4,15.0,85,"[9, 11, 5]","[4, 7, 2]",1,0.00336,1.9924,2.0,8873.85,0.00119,0.00286
astar,L2,E4,15.0,86,"[19, 12, 6]","[4, 7, 6]",1,0.02167,3.8821,5.6,5506.53,0.00186,0.00263
astar,L2,E4,15.0,87,"[17, 13, 6]","[9, 6, 0]",1,0.00635,3.3527,3.2,9057.04,0.0,0.00194
astar,L2,E4,15.0,88,"[11, 10, 3]","[12, 7, 3]",1,0.00069,0.8938,1.2,5987.32,0.00218,0.00301
astar,L2,E4,15.0,89,"[16, 8, 7]","[17, 7, 5]",1,0.00046,0.7152,0.8,8568.65,0.0032,0.00352
astar,L2,E4,15.0,90,"[17, 9, 2]","[19, 8, 2]",1,0.00047,0.632,0.8,5554.2,0.00183,0.00199
astar,L2,E4,15.0,91,"[15, 6, 23]","[9, 10, 4]",1,0.00389,2.4458,2.4,13660.29,0.0,0.00198
astar,L2,E4,15.0,92,"[19, 7, 1]","[6, 4, 23]",1,0.02176,3.8951,5.2,8521.09,0.0,0.00041
astar,L2,E4,15.0,93,"[14, 7, 7]","[6, 8, 1]",1,0.00667,2.8282,3.2,10918.48,0.00086,0.00222
astar,L2,E4,15.0,94,"[0, 8, 6]","[6, 7, 6]",1,0.00637,3.8372,5.2,9668.22,0.00186,0.00312
astar,L2,E4,15.0,95,"[0, 10, 6]","[13, 7, 4]",1,0.01737,4.3289,5.2,13101.64,0.00182,0.00321
astar,L2,E4,15.0,96,"[16, 10, 5]","[18, 12, 7]",1,0.00059,0.9069,0.8,7619.25,0.00197,0.00325
astar,L2,E4,15.0,97,"[20, 11, 6]","[21, 4, 23]",1,0.00175,2.6749,2.8,8893.45,0.0,0.0021
astar,L2,E4,15.0,98,"[21, 12, 7]","[14, 6, 23]",1,0.00765,3.3527,3.2,6811.22,0.0,0.00212
astar,L2,E4,15.0,99,"[12, 5, 23]","[5, 8, 7]",1,0.0075,3.1031,3.2,16044.73,0.0,0.00189
astar,L2,E4,15.0,100,"[19, 10, 5]","[19, 7, 6]",1,0.00086,0.8938,1.2,5987.32,0.00336,0.00394
rrt,L1,E4,15.0,1,"[16, 9, 4]","[6, 13, 7]",1,0.04425,3.5325,12.8,3084.91,0.00117,0.00258
rrt,L1,E4,15.0,2,"[15, 8, 5]","[5, 7, 6]",1,0.04391,3.5057,12.0,2931.13,0.00294,0.00333
rrt,L1,E4,15.0,3,"[0, 12, 5]","[20, 6, 0]",1,0.66099,11.829,44.8,11419.84,0.0,0.00118
rrt,L1,E4,15.0,4,"[4, 8, 5]","[15, 8, 1]",1,0.03752,3.6477,12.4,2159.89,0.00086,0.00194
rrt,L1,E4,15.0,5,"[16, 10, 7]","[8, 9, 7]",1,0.01019,2.8711,11.6,2747.89,0.00289,0.00319
rrt,L1,E4,15.0,6,"[14, 5, 23]","[6, 8, 5]",1,0.05374,4.7983,19.2,4909.85,0.0,0.0016
rrt,L1,E4,15.0,7,"[21, 7, 7]","[13, 8, 3]",1,0.01758,3.2833,12.8,2537.38,0.00217,0.00301
rrt,L1,E4,15.0,8,"[14, 12, 5]","[13, 7, 0]",1,0.03402,2.5155,9.6,2048.19,0.0,0.00262
rrt,L1,E4,15.0,9,"[7, 8, 4]","[20, 8, 6]",1,0.45157,5.7464,22.0,4970.43,0.0003,0.00215
rrt,L1,E4,15.0,10,"[11, 7, 2]","[0, 11, 4]",0,5.09063,0.0,0.0,0.0,0.0,0.0
rrt,L1,E4,15.0,11,"[11, 6, 1]","[5, 11, 7]",1,0.02045,3.4586,14.0,2942.83,0.00018,0.0028
rrt,L1,E4,15.0,12,"[15, 5, 1]","[12, 12, 5]",1,0.01327,3.2367,13.2,2545.63,0.0,0.0025
rrt,L1,E4,15.0,13,"[15, 13, 6]","[10, 13, 7]",1,0.01473,2.5203,10.0,3402.39,0.00122,0.00237
rrt,L1,E4,15.0,14,"[3, 13, 6]","[14, 5, 23]",1,0.02981,5.3231,21.2,4268.45,0.0,0.00192
rrt,L1,E4,15.0,15,"[10, 10, 3]","[14, 8, 2]",1,0.00607,1.6628,6.4,2127.42,0.00187,0.0028
rrt,L1,E4,15.0,16,"[3, 6, 23]","[12, 6, 1]",1,0.01063,3.1024,11.6,3132.53,0.0,0.00017
rrt,L1,E4,15.0,17,"[19, 7, 0]","[9, 8, 5]",1,0.02129,3.5215,12.8,1821.87,0.0,0.00256
rrt,L1,E4,15.0,18,"[18, 9, 3]","[8, 5, 23]",1,0.02729,3.9272,14.4,4046.49,0.0,0.00093
rrt,L1,E4,15.0,19,"[18, 11, 7]","[7, 9, 4]",1,0.05856,4.0753,15.2,4069.47,0.00242,0.00352
rrt,L1,E4,15.0,20,"[19, 7, 7]","[11, 9, 5]",1,0.0156,2.859,9.2,2425.42,0.00298,0.00387
rrt,L1,E4,15.0,21,"[14, 8, 6]","[11, 7, 0]",1,0.01346,2.3571,8.4,2967.63,0.0,0.00239
rrt,L1,E4,15.0,22,"[16, 11, 4]","[23, 13, 6]",1,0.04012,3.6221,13.6,3878.52,0.00101,0.00292
rrt,L1,E4,15.0,23,"[7, 7, 3]","[14, 7, 3]",1,0.01654,2.1371,7.2,2100.5,0.00204,0.00244
rrt,L1,E4,15.0,24,"[18, 11, 6]","[14, 11, 6]",1,0.00526,1.4864,5.6,2841.66,0.00295,0.00334
rrt,L1,E4,15.0,25,"[20, 6, 1]","[14, 7, 6]",1,0.01112,2.8274,11.2,3415.03,0.00018,0.00243
rrt,L1,E4,15.0,26,"[9, 9, 4]","[21, 5, 23]",1,0.94679,6.1329,22.8,5950.96,0.0,0.00154
rrt,L1,E4,15.0,27,"[15, 9, 3]","[21, 6, 0]",1,0.01629,2.5681,10.4,2183.8,0.0,0.00098
rrt,L1,E4,15.0,28,"[6, 8, 4]","[11, 11, 6]",1,0.00743,2.1644,8.4,2225.56,0.00331,0.00384
rrt,L1,E4,15.0,29,"[10, 9, 3]","[20, 12, 5]",1,0.03712,3.7225,13.6,3482.0,0.00312,0.00365
rrt,L1,E4,15.0,30,"[14, 10, 3]","[13, 9, 3]",1,0.0008,0.3786,1.6,379.13,0.00331,0.00345
rrt,L1,E4,15.0,31,"[12, 6, 1]","[0, 11, 7]",1,1.86548,6.1835,24.0,5869.3,0.00018,0.00262
rrt,L1,E4,15.0,32,"[17, 7, 0]","[5, 10, 6]",1,0.20878,4.7067,16.8,4691.19,0.0,0.00283
rrt,L1,E4,15.0,33,"[20, 9, 7]","[5, 4, 23]",1,0.10625,7.4189,26.8,5754.34,0.0,0.00165
rrt,L1,E4,15.0,34,"[19, 8, 7]","[4, 7, 4]",1,0.35789,7.5981,30.4,4775.28,0.00012,0.00248
rrt,L1,E4,15.0,35,"[5, 7, 6]","[5, 10, 5]",1,0.0086,0.9785,3.6,1012.24,0.00336,0.00382
rrt,L1,E4,15.0,36,"[21, 13, 7]","[16, 9, 3]",1,0.00866,2.4503,10.0,2837.86,0.00123,0.00326
rrt,L1,E4,15.0,37,"[18, 7, 1]","[7, 9, 4]",1,0.0285,4.4095,15.2,4520.5,0.00054,0.00312
rrt,L1,E4,15.0,38,"[14, 8, 5]","[4, 10, 5]",1,0.01835,3.3677,11.6,2197.3,0.00389,0.00408
rrt,L1,E4,15.0,39,"[19, 7, 6]","[16, 9, 6]",1,0.00369,1.3493,5.6,1342.43,0.00336,0.00379
rrt,L1,E4,15.0,40,"[11, 14, 7]","[17, 7, 6]",1,0.01094,3.405,14.0,2286.36,0.00042,0.00267
rrt,L1,E4,15.0,41,"[18, 9, 2]","[15, 7, 1]",1,0.01153,1.1306,4.4,761.85,0.00054,0.00131
rrt,L1,E4,15.0,42,"[7, 7, 5]","[8, 10, 3]",1,0.00398,1.1326,4.4,989.27,0.00334,0.0037
rrt,L1,E4,15.0,43,"[10, 9, 5]","[4, 12, 7]",1,0.01052,2.189,8.8,1489.54,0.00181,0.00314
rrt,L1,E4,15.0,44,"[1, 14, 7]","[16, 10, 7]",1,0.01709,3.3119,13.2,4105.84,0.00042,0.002
rrt,L1,E4,15.0,45,"[15, 10, 7]","[11, 9, 4]",1,0.01713,1.9232,8.4,1081.68,0.00298,0.00362
rrt,L1,E4,15.0,46,"[21, 5, 1]","[12, 13, 6]",1,0.02876,4.8032,18.4,4835.12,0.0,0.00241
rrt,L1,E4,15.0,47,"[21, 5, 23]","[8, 5, 1]",1,0.03705,4.5649,16.0,4523.5,0.0,0.00022
rrt,L1,E4,15.0,48,"[3, 9, 5]","[19, 7, 1]",1,0.3325,7.4903,28.4,6870.35,0.0,0.00102
rrt,L1,E4,15.0,49,"[4, 14, 7]","[12, 9, 2]",1,0.01234,4.0514,16.4,3229.03,0.00023,0.00256
rrt,L1,E4,15.0,50,"[16, 8, 4]","[19, 7, 6]",1,0.00517,1.5969,6.4,2021.86,0.00317,0.00362
rrt,L1,E4,15.0,51,"[9, 9, 4]","[8, 10, 6]",1,0.01786,1.4965,6.0,1689.17,0.00373,0.00402
rrt,L1,E4,15.0,52,"[7, 7, 0]","[21, 6, 1]",1,0.85707,5.7918,20.8,5851.98,0.0,0.00188
rrt,L1,E4,15.0,53,"[4, 10, 3]","[4, 10, 7]",1,0.01122,1.2045,4.0,1879.03,0.00298,0.00391
rrt,L1,E4,15.0,54,"[19, 8, 2]","[13, 7, 5]",1,0.02882,2.1629,7.6,2160.3,0.00169,0.00262
rrt,L1,E4,15.0,55,"[7, 10, 4]","[15, 7, 0]",1,0.01378,3.2388,12.4,2037.29,0.0,0.0021
rrt,L1,E4,15.0,56,"[21, 6, 3]","[19, 12, 5]",1,0.00624,2.1437,8.0,1711.17,0.00137,0.00335
rrt,L1,E4,15.0,57,"[4, 10, 4]","[9, 9, 4]",1,0.01501,1.6643,6.4,1323.01,0.00356,0.00389
rrt,L1,E4,15.0,58,"[17, 12, 6]","[7, 8, 2]",1,0.03622,4.0476,15.2,4815.32,0.00159,0.00289
rrt,L1,E4,15.0,59,"[19, 7, 7]","[19, 9, 2]",1,0.00776,2.0629,8.0,2246.24,0.0023,0.00335
rrt,L1,E4,15.0,60,"[11, 7, 2]","[12, 7, 2]",1,0.00031,0.2656,0.8,725.95,0.00133,0.00137
rrt,L1,E4,15.0,61,"[5, 10, 7]","[14, 8, 7]",1,0.02163,3.0059,11.2,3402.55,0.00267,0.003
rrt,L1,E4,15.0,62,"[11, 6, 23]","[20, 14, 7]",1,0.02949,5.1488,21.6,3581.96,0.0,0.00188
rrt,L1,E4,15.0,63,"[13, 8, 3]","[6, 6, 0]",1,0.00927,2.4212,9.6,2101.29,0.0,0.00095
rrt,L1,E4,15.0,64,"[11, 12, 7]","[16, 14, 7]",1,0.00861,1.8288,6.8,1473.85,0.00016,0.00102
rrt,L1,E4,15.0,65,"[17, 11, 4]","[17, 9, 4]",1,0.00269,0.8486,3.6,693.5,0.00398,0.00414
rrt,L1,E4,15.0,66,"[12, 7, 3]","[0, 7, 6]",0,5.12441,0.0,0.0,0.0,0.0,0.0
rrt,L1,E4,15.0,67,"[8, 8, 2]","[13, 9, 4]",1,0.00654,1.9786,7.6,1925.68,0.00172,0.00279
rrt,L1,E4,15.0,68,"[10, 11, 5]","[20, 9, 7]",1,0.03073,3.3639,11.6,3066.62,0.00276,0.00337
rrt,L1,E4,15.0,69,"[17, 8, 7]","[12, 10, 6]",1,0.00617,1.8244,6.4,1960.58,0.00308,0.00348
rrt,L1,E4,15.0,70,"[5, 14, 7]","[15, 8, 2]",1,0.02395,4.409,18.4,3285.18,0.00042,0.00269
rrt,L1,E4,15.0,71,"[4, 13, 6]","[21, 9, 6]",0,4.40831,0.0,0.0,0.0,0.0,0.0
rrt,L1,E4,15.0,72,"[15, 13, 6]","[3, 12, 5]",1,0.24415,4.3566,16.4,3163.33,0.00194,0.00356
rrt,L1,E4,15.0,73,"[18, 10, 4]","[17, 9, 4]",1,0.00121,0.517,2.4,678.28,0.00378,0.00394
rrt,L1,E4,15.0,74,"[0, 10, 6]","[19, 5, 1]",1,0.2668,9.2146,33.6,7768.73,0.0,0.00154
rrt,L1,E4,15.0,75,"[9, 8, 5]","[12, 9, 3]",1,0.00651,1.8287,6.4,2352.36,0.00331,0.00357
rrt,L1,E4,15.0,76,"[16, 12, 5]","[21, 6, 1]",1,0.01225,3.5029,14.0,3494.84,0.00018,0.00245
rrt,L1,E4,15.0,77,"[0, 9, 5]","[8, 11, 4]",1,0.13884,5.4977,21.2,5176.6,0.0,0.00182
rrt,L1,E4,15.0,78,"[0, 10, 7]","[7, 7, 1]",1,0.28483,6.4127,23.2,5059.2,0.00019,0.00187
rrt,L1,E4,15.0,79,"[5, 6, 23]","[13, 9, 4]",1,0.03733,4.862,18.0,4263.11,0.0,0.00215
rrt,L1,E4,15.0,80,"[21, 10, 5]","[17, 7, 7]",1,0.01538,2.6926,10.8,2750.6,0.00252,0.00348
rrt,L1,E4,15.0,81,"[8, 10, 6]","[20, 14, 7]",1,0.03216,4.2067,14.4,3213.44,0.00025,0.00165
rrt,L1,E4,15.0,82,"[19, 10, 6]","[11, 9, 2]",1,0.18238,3.3771,13.2,3226.08,0.00126,0.00268
rrt,L1,E4,15.0,83,"[10, 4, 23]","[20, 10, 3]",1,0.03272,4.2921,16.8,4400.17,0.0,0.00158
rrt,L1,E4,15.0,84,"[14, 6, 0]","[21, 7, 5]",1,0.0255,3.573,14.0,3666.99,0.0,0.00206
rrt,L1,E4,15.0,85,"[9, 11, 5]","[4, 7, 2]",1,0.00668,2.5174,10.4,2070.95,0.00133,0.00332
rrt,L1,E4,15.0,86,"[19, 12, 6]","[4, 7, 6]",1,0.17371,5.618,19.2,6040.19,0.0,0.00158
rrt,L1,E4,15.0,87,"[17, 13, 6]","[9, 6, 0]",1,0.02335,4.6544,19.6,3462.35,0.0,0.00257
rrt,L1,E4,15.0,88,"[11, 10, 3]","[12, 7, 3]",1,0.00652,1.3215,5.2,1677.17,0.00194,0.00249
rrt,L1,E4,15.0,89,"[16, 8, 7]","[17, 7, 5]",1,0.0051,1.0389,4.4,966.68,0.0032,0.00353
rrt,L1,E4,15.0,90,"[17, 9, 2]","[19, 8, 2]",1,0.0015,0.7614,3.2,622.14,0.00136,0.0017
rrt,L1,E4,15.0,91,"[15, 6, 23]","[9, 10, 4]",1,0.01878,3.2683,12.8,2406.22,0.0,0.0021
rrt,L1,E4,15.0,92,"[19, 7, 1]","[6, 4, 23]",1,0.05546,5.0007,18.0,5597.57,0.0,0.00083
rrt,L1,E4,15.0,93,"[14, 7, 7]","[6, 8, 1]",1,0.02009,4.1216,16.4,4373.07,0.00038,0.00249
rrt,L1,E4,15.0,94,"[0, 8, 6]","[6, 7, 6]",1,0.25325,6.3053,23.2,4938.14,0.0,0.00186
rrt,L1,E4,15.0,95,"[0, 10, 6]","[13, 7, 4]",1,0.22447,7.5765,29.2,7593.94,0.0,0.00178
rrt,L1,E4,15.0,96,"[16, 10, 5]","[18, 12, 7]",1,0.00202,1.1678,4.8,1332.8,0.00196,0.00341
rrt,L1,E4,15.0,97,"[20, 11, 6]","[21, 4, 23]",1,0.03009,5.1312,19.6,4399.32,0.0,0.00204
rrt,L1,E4,15.0,98,"[21, 12, 7]","[14, 6, 23]",1,0.0185,4.3892,18.0,4560.3,0.0,0.00211
rrt,L1,E4,15.0,99,"[12, 5, 23]","[5, 8, 7]",1,0.12308,4.209,16.0,4747.18,0.0,0.00227
rrt,L1,E4,15.0,100,"[19, 10, 5]","[19, 7, 6]",1,0.0059,1.0407,3.2,1342.31,0.00336,0.00384
rrt,L2,E4,15.0,1,"[16, 9, 4]","[6, 13, 7]",1,0.03794,3.8879,10.4,6646.58,0.00123,0.00343
rrt,L2,E4,15.0,2,"[15, 8, 5]","[5, 7, 6]",1,0.02103,3.1058,8.4,3120.44,0.00304,0.00353
rrt,L2,E4,15.0,3,"[0, 12, 5]","[20, 6, 0]",1,0.05447,8.3961,22.4,11338.5,0.0,0.00147
rrt,L2,E4,15.0,4,"[4, 8, 5]","[15, 8, 1]",1,0.01442,4.028,10.8,3976.95,0.00052,0.00199
rrt,L2,E4,15.0,5,"[16, 10, 7]","[8, 9, 7]",1,0.01162,3.0113,8.0,4287.31,0.00284,0.00341
rrt,L2,E4,15.0,6,"[14, 5, 23]","[6, 8, 5]",1,0.01137,3.8615,10.4,5567.82,0.0,0.00111
rrt,L2,E4,15.0,7,"[21, 7, 7]","[13, 8, 3]",1,0.00849,3.5246,9.6,5373.6,0.00231,0.00306
rrt,L2,E4,15.0,8,"[14, 12, 5]","[13, 7, 0]",1,0.14188,3.1421,8.4,3960.33,0.0,0.00215
rrt,L2,E4,15.0,9,"[7, 8, 4]","[20, 8, 6]",1,0.05016,6.0577,16.4,7779.9,0.0,0.00143
rrt,L2,E4,15.0,10,"[11, 7, 2]","[0, 11, 4]",0,4.31841,0.0,0.0,0.0,0.0,0.0
rrt,L2,E4,15.0,11,"[11, 6, 1]","[5, 11, 7]",1,0.02321,4.0489,10.8,5439.97,0.00018,0.00301
rrt,L2,E4,15.0,12,"[15, 5, 1]","[12, 12, 5]",1,0.01676,3.1952,8.4,6545.78,0.0,0.00264
rrt,L2,E4,15.0,13,"[15, 13, 6]","[10, 13, 7]",1,0.00291,1.6578,4.4,3291.83,0.00124,0.00202
rrt,L2,E4,15.0,14,"[3, 13, 6]","[14, 5, 23]",1,0.01936,5.7844,15.6,4914.39,0.0,0.0023
rrt,L2,E4,15.0,15,"[10, 10, 3]","[14, 8, 2]",1,0.00664,1.7484,4.8,3016.85,0.00116,0.00259
rrt,L2,E4,15.0,16,"[3, 6, 23]","[12, 6, 1]",1,0.00761,3.4689,9.2,5840.48,0.0,0.00012
rrt,L2,E4,15.0,17,"[19, 7, 0]","[9, 8, 5]",1,0.0172,3.993,10.8,4136.38,0.0,0.00259
rrt,L2,E4,15.0,18,"[18, 9, 3]","[8, 5, 23]",1,0.04717,5.2944,14.0,5817.4,0.0,0.00096
rrt,L2,E4,15.0,19,"[18, 11, 7]","[7, 9, 4]",1,0.02079,4.208,11.2,5761.42,0.00256,0.00382
rrt,L2,E4,15.0,20,"[19, 7, 7]","[11, 9, 5]",1,0.02168,3.6934,10.0,5150.61,0.00298,0.00365
rrt,L2,E4,15.0,21,"[14, 8, 6]","[11, 7, 0]",1,0.01585,2.8386,7.6,4207.36,0.0,0.0021
rrt,L2,E4,15.0,22,"[16, 11, 4]","[23, 13, 6]",1,0.0308,3.2635,8.8,4413.47,0.00098,0.00292
rrt,L2,E4,15.0,23,"[7, 7, 3]","[14, 7, 3]",1,0.0092,2.6428,7.2,3326.56,0.00028,0.00114
rrt,L2,E4,15.0,24,"[18, 11, 6]","[14, 11, 6]",1,0.01166,1.6564,4.4,3143.35,0.00202,0.0025
rrt,L2,E4,15.0,25,"[20, 6, 1]","[14, 7, 6]",1,0.00957,3.3794,9.2,5657.19,0.00018,0.00278
rrt,L2,E4,15.0,26,"[9, 9, 4]","[21, 5, 23]",1,0.05754,4.8744,13.2,6168.32,0.0,0.00088
rrt,L2,E4,15.0,27,"[15, 9, 3]","[21, 6, 0]",1,0.01011,2.8737,7.6,4091.26,0.0,0.0014
rrt,L2,E4,15.0,28,"[6, 8, 4]","[11, 11, 6]",1,0.00371,2.2723,6.0,6045.4,0.00336,0.00394
rrt,L2,E4,15.0,29,"[10, 9, 3]","[20, 12, 5]",1,0.01665,4.4222,12.0,8618.86,0.00265,0.00339
rrt,L2,E4,15.0,30,"[14, 10, 3]","[13, 9, 3]",1,0.0008,0.4507,1.2,1418.44,0.00331,0.00344
rrt,L2,E4,15.0,31,"[12, 6, 1]","[0, 11, 7]",0,3.82899,0.0,0.0,0.0,0.0,0.0
rrt,L2,E4,15.0,32,"[17, 7, 0]","[5, 10, 6]",1,0.00757,4.6545,12.4,5642.19,0.0,0.00273
rrt,L2,E4,15.0,33,"[20, 9, 7]","[5, 4, 23]",1,0.04539,6.9213,18.4,10158.39,0.0,0.00136
rrt,L2,E4,15.0,34,"[19, 8, 7]","[4, 7, 4]",1,0.11661,7.5763,20.4,8714.82,0.0012,0.00296
rrt,L2,E4,15.0,35,"[5, 7, 6]","[5, 10, 5]",1,0.00466,1.01,2.8,1837.29,0.00336,0.00395
rrt,L2,E4,15.0,36,"[21, 13, 7]","[16, 9, 3]",1,0.00312,2.7377,7.2,5324.65,0.00123,0.0033
rrt,L2,E4,15.0,37,"[18, 7, 1]","[7, 9, 4]",1,0.01286,3.947,10.4,6863.15,0.0004,0.00285
rrt,L2,E4,15.0,38,"[14, 8, 5]","[4, 10, 5]",1,0.01304,3.397,9.2,3293.8,0.00353,0.00385
rrt,L2,E4,15.0,39,"[19, 7, 6]","[16, 9, 6]",1,0.00091,1.0184,2.8,1052.02,0.00336,0.00366
rrt,L2,E4,15.0,40,"[11, 14, 7]","[17, 7, 6]",1,0.00706,3.5576,9.6,5266.84,0.00042,0.00296
rrt,L2,E4,15.0,41,"[18, 9, 2]","[15, 7, 1]",1,0.00601,1.3369,3.6,2461.17,0.00047,0.00096
rrt,L2,E4,15.0,42,"[7, 7, 5]","[8, 10, 3]",1,0.00168,1.5238,4.0,2931.94,0.00263,0.00317
rrt,L2,E4,15.0,43,"[10, 9, 5]","[4, 12, 7]",1,0.00689,2.3453,6.4,2780.98,0.00176,0.00289
rrt,L2,E4,15.0,44,"[1, 14, 7]","[16, 10, 7]",1,0.01365,3.5694,9.6,5739.41,0.0,0.0012
rrt,L2,E4,15.0,45,"[15, 10, 7]","[11, 9, 4]",1,0.00759,2.2703,6.0,3195.96,0.00279,0.00354
rrt,L2,E4,15.0,46,"[21, 5, 1]","[12, 13, 6]",1,0.01116,4.5149,12.0,6092.3,0.0,0.00238
rrt,L2,E4,15.0,47,"[21, 5, 23]","[8, 5, 1]",1,0.03329,4.4886,12.0,5287.51,0.0,0.0003
rrt,L2,E4,15.0,48,"[3, 9, 5]","[19, 7, 1]",1,0.07382,6.0346,16.4,8007.1,0.00035,0.00248
rrt,L2,E4,15.0,49,"[4, 14, 7]","[12, 9, 2]",1,0.44894,6.1451,16.4,8600.01,0.00025,0.00325
rrt,L2,E4,15.0,50,"[16, 8, 4]","[19, 7, 6]",1,0.00486,1.471,4.0,3275.72,0.00324,0.00343
rrt,L2,E4,15.0,51,"[9, 9, 4]","[8, 10, 6]",1,0.00141,0.7897,2.0,2555.58,0.00375,0.00408
rrt,L2,E4,15.0,52,"[7, 7, 0]","[21, 6, 1]",1,0.28354,5.9961,16.0,7762.13,0.0,0.00042
rrt,L2,E4,15.0,53,"[4, 10, 3]","[4, 10, 7]",1,0.00261,1.4818,4.0,3411.15,0.00298,0.0038
rrt,L2,E4,15.0,54,"[19, 8, 2]","[13, 7, 5]",1,0.00503,2.1493,5.6,3532.26,0.00187,0.00265
rrt,L2,E4,15.0,55,"[7, 10, 4]","[15, 7, 0]",1,0.01395,3.6091,9.6,4869.94,0.0,0.0026
rrt,L2,E4,15.0,56,"[21, 6, 3]","[19, 12, 5]",1,0.00902,2.5289,6.8,4309.12,0.00137,0.00341
rrt,L2,E4,15.0,57,"[4, 10, 4]","[9, 9, 4]",1,0.00956,3.0848,8.4,4554.46,0.00315,0.00391
rrt,L2,E4,15.0,58,"[17, 12, 6]","[7, 8, 2]",1,0.01501,4.1131,11.2,3914.1,0.00187,0.0032
rrt,L2,E4,15.0,59,"[19, 7, 7]","[19, 9, 2]",1,0.01134,1.8708,5.2,1968.89,0.0023,0.00309
rrt,L2,E4,15.0,60,"[11, 7, 2]","[12, 7, 2]",1,0.00076,0.2618,0.8,685.6,0.00133,0.00133
rrt,L2,E4,15.0,61,"[5, 10, 7]","[14, 8, 7]",1,0.0104,3.4987,9.2,6496.53,0.00298,0.00373
rrt,L2,E4,15.0,62,"[11, 6, 23]","[20, 14, 7]",1,0.02448,5.4076,14.4,6226.56,0.0,0.00204
rrt,L2,E4,15.0,63,"[13, 8, 3]","[6, 6, 0]",1,0.00982,2.4993,6.8,3663.03,0.0,0.00111
rrt,L2,E4,15.0,64,"[11, 12, 7]","[16, 14, 7]",1,0.00474,1.9053,5.2,2151.59,0.00042,0.00204
rrt,L2,E4,15.0,65,"[17, 11, 4]","[17, 9, 4]",1,0.00095,0.7791,2.0,2093.8,0.00398,0.00412
rrt,L2,E4,15.0,66,"[12, 7, 3]","[0, 7, 6]",0,3.83609,0.0,0.0,0.0,0.0,0.0
rrt,L2,E4,15.0,67,"[8, 8, 2]","[13, 9, 4]",1,0.00764,1.9265,5.2,3337.64,0.00137,0.00255
rrt,L2,E4,15.0,68,"[10, 11, 5]","[20, 9, 7]",1,0.02052,3.4417,9.2,3336.45,0.00289,0.00341
rrt,L2,E4,15.0,69,"[17, 8, 7]","[12, 10, 6]",1,0.00852,2.0896,5.6,2782.38,0.0032,0.00399
rrt,L2,E4,15.0,70,"[5, 14, 7]","[15, 8, 2]",1,0.01109,4.1682,11.2,5051.04,0.00042,0.00264
rrt,L2,E4,15.0,71,"[4, 13, 6]","[21, 9, 6]",1,0.2908,7.5883,20.4,10882.26,0.00194,0.00332
rrt,L2,E4,15.0,72,"[15, 13, 6]","[3, 12, 5]",0,3.69572,0.0,0.0,0.0,0.0,0.0
rrt,L2,E4,15.0,73,"[18, 10, 4]","[17, 9, 4]",1,0.0005,0.3835,1.2,648.66,0.00398,0.00402
rrt,L2,E4,15.0,74,"[0, 10, 6]","[19, 5, 1]",1,0.05503,6.9278,18.4,8228.67,0.0,0.00223
rrt,L2,E4,15.0,75,"[9, 8, 5]","[12, 9, 3]",1,0.00498,1.714,4.8,5189.54,0.00271,0.0037
rrt,L2,E4,15.0,76,"[16, 12, 5]","[21, 6, 1]",1,0.01316,3.6759,10.0,5548.77,0.0,0.00237
rrt,L2,E4,15.0,77,"[0, 9, 5]","[8, 11, 4]",1,0.03504,4.6923,12.4,6701.41,0.0,0.00202
rrt,L2,E4,15.0,78,"[0, 10, 7]","[7, 7, 1]",1,0.0797,5.8207,15.6,7177.96,0.0,0.00174
rrt,L2,E4,15.0,79,"[5, 6, 23]","[13, 9, 4]",1,0.00681,3.4087,9.2,5202.63,0.0,0.00187
rrt,L2,E4,15.0,80,"[21, 10, 5]","[17, 7, 7]",1,0.00466,2.2919,6.0,7489.14,0.00261,0.00346
rrt,L2,E4,15.0,81,"[8, 10, 6]","[20, 14, 7]",1,0.02713,4.7193,12.8,7549.72,0.0,0.00261
rrt,L2,E4,15.0,82,"[19, 10, 6]","[11, 9, 2]",1,0.0095,3.3919,9.2,5632.52,0.00177,0.00312
rrt,L2,E4,15.0,83,"[10, 4, 23]","[20, 10, 3]",1,0.02546,4.5412,12.0,9226.12,0.0,0.00113
rrt,L2,E4,15.0,84,"[14, 6, 0]","[21, 7, 5]",1,3.06205,4.2961,11.6,5608.23,0.0,0.00298
rrt,L2,E4,15.0,85,"[9, 11, 5]","[4, 7, 2]",1,0.00975,2.7046,7.2,3813.8,0.00072,0.00289
rrt,L2,E4,15.0,86,"[19, 12, 6]","[4, 7, 6]",1,0.05193,5.7909,15.6,6423.32,0.0022,0.00314
rrt,L2,E4,15.0,87,"[17, 13, 6]","[9, 6, 0]",1,0.01398,4.9586,13.2,6167.26,0.0,0.00248
rrt,L2,E4,15.0,88,"[11, 10, 3]","[12, 7, 3]",1,0.00236,0.8653,2.4,1062.9,0.00218,0.00289
rrt,L2,E4,15.0,89,"[16, 8, 7]","[17, 7, 5]",1,0.0049,0.7784,2.0,1946.55,0.00317,0.00337
rrt,L2,E4,15.0,90,"[17, 9, 2]","[19, 8, 2]",1,0.00094,0.7397,2.0,1689.46,0.00185,0.00236
rrt,L2,E4,15.0,91,"[15, 6, 23]","[9, 10, 4]",1,0.01137,3.4701,9.2,4428.75,0.0,0.00169
rrt,L2,E4,15.0,92,"[19, 7, 1]","[6, 4, 23]",1,0.03678,6.8955,18.4,10942.61,0.0,0.0024
rrt,L2,E4,15.0,93,"[14, 7, 7]","[6, 8, 1]",1,0.00824,3.3755,9.2,4353.17,0.00086,0.00295
rrt,L2,E4,15.0,94,"[0, 8, 6]","[6, 7, 6]",1,0.02905,4.74,12.8,4572.81,0.00092,0.00241
rrt,L2,E4,15.0,95,"[0, 10, 6]","[13, 7, 4]",1,0.15712,6.204,16.8,8466.06,0.0,0.00205
rrt,L2,E4,15.0,96,"[16, 10, 5]","[18, 12, 7]",1,0.01021,1.9135,5.2,2182.76,0.00082,0.00246
rrt,L2,E4,15.0,97,"[20, 11, 6]","[21, 4, 23]",1,0.00972,4.1369,11.2,5285.55,0.0,0.00209
rrt,L2,E4,15.0,98,"[21, 12, 7]","[14, 6, 23]",1,0.01474,5.0905,13.6,8249.58,0.0,0.00181
rrt,L2,E4,15.0,99,"[12, 5, 23]","[5, 8, 7]",1,0.04152,4.8329,12.8,7715.93,0.0,0.00242
rrt,L2,E4,15.0,100,"[19, 10, 5]","[19, 7, 6]",1,0.00378,1.1677,3.2,2031.45,0.00336,0.00385
